2026-09-25 08:41:07,732:WARNING:
'cuml' is a soft dependency and not included in the pycaret installation. Please run: `pip install cuml` to install.
2026-09-25 08:41:07,732:WARNING:
'cuml' is a soft dependency and not included in the pycaret installation. Please run: `pip install cuml` to install.
2026-09-25 08:41:07,732:WARNING:
'cuml' is a soft dependency and not included in the pycaret installation. Please run: `pip install cuml` to install.
2026-09-25 08:41:07,732:WARNING:
'cuml' is a soft dependency and not included in the pycaret installation. Please run: `pip install cuml` to install.
2026-09-25 08:41:11,035:INFO:PyCaret ClassificationExperiment
2026-09-25 08:41:11,035:INFO:Logging name: clf-default-name
2026-09-25 08:41:11,035:INFO:ML Usecase: MLUsecase.CLASSIFICATION
2026-09-25 08:41:11,035:INFO:version 3.3.2
2026-09-25 08:41:11,035:INFO:Initializing setup()
2026-09-25 08:41:11,035:INFO:self.USI: 80a2
2026-09-25 08:41:11,035:INFO:self._variable_keys: {'memory', 'y', 'X_train', 'idx', 'gpu_param', 'n_jobs_param', 'fix_imbalance', 'seed', 'X', 'pipeline', 'logging_param', 'fold_generator', 'fold_groups_param', 'is_multiclass', 'target_param', '_available_plots', 'data', 'exp_name_log', 'log_plots_param', '_ml_usecase', 'USI', 'gpu_n_jobs_param', 'X_test', 'html_param', 'y_train', 'exp_id', 'y_test', 'fold_shuffle_param'}
2026-09-25 08:41:11,035:INFO:Checking environment
2026-09-25 08:41:11,035:INFO:python_version: 3.11.9
2026-09-25 08:41:11,035:INFO:python_build: ('tags/v3.11.9:de54cf5', 'Apr  2 2024 10:12:12')
2026-09-25 08:41:11,035:INFO:machine: AMD64
2026-09-25 08:41:11,035:INFO:platform: Windows-10-10.0.26100-SP0
2026-09-25 08:41:11,038:INFO:Memory: svmem(total=16853479424, available=6746505216, percent=60.0, used=10106974208, free=6746505216)
2026-09-25 08:41:11,038:INFO:Physical Core: 6
2026-09-25 08:41:11,038:INFO:Logical Core: 12
2026-09-25 08:41:11,038:INFO:Checking libraries
2026-09-25 08:41:11,038:INFO:System:
2026-09-25 08:41:11,038:INFO:    python: 3.11.9 (tags/v3.11.9:de54cf5, Apr  2 2024, 10:12:12) [MSC v.1938 64 bit (AMD64)]
2026-09-25 08:41:11,038:INFO:executable: c:\Users\laboratorio\Desktop\TIAS\PyCaret\.venv\Scripts\python.exe
2026-09-25 08:41:11,038:INFO:   machine: Windows-10-10.0.26100-SP0
2026-09-25 08:41:11,038:INFO:PyCaret required dependencies:
2026-09-25 08:41:11,039:WARNING:c:\Users\laboratorio\Desktop\TIAS\PyCaret\.venv\Lib\site-packages\_distutils_hack\__init__.py:33: UserWarning: Setuptools is replacing distutils.
  warnings.warn("Setuptools is replacing distutils.")

2026-09-25 08:41:11,087:INFO:                 pip: 26.2.1
2026-09-25 08:41:11,087:INFO:          setuptools: 65.5.0
2026-09-25 08:41:11,087:INFO:             pycaret: 3.3.2
2026-09-25 08:41:11,087:INFO:             IPython: 9.17.1
2026-09-25 08:41:11,087:INFO:          ipywidgets: 8.1.9
2026-09-25 08:41:11,087:INFO:                tqdm: 4.70.1
2026-09-25 08:41:11,087:INFO:               numpy: 1.26.4
2026-09-25 08:41:11,087:INFO:              pandas: 2.1.4
2026-09-25 08:41:11,087:INFO:              jinja2: 3.1.6
2026-09-25 08:41:11,087:INFO:               scipy: 1.11.4
2026-09-25 08:41:11,087:INFO:              joblib: 1.3.2
2026-09-25 08:41:11,087:INFO:             sklearn: 1.4.2
2026-09-25 08:41:11,087:INFO:                pyod: 3.4.0
2026-09-25 08:41:11,087:INFO:            imblearn: 0.14.2
2026-09-25 08:41:11,087:INFO:   category_encoders: 2.7.0
2026-09-25 08:41:11,087:INFO:            lightgbm: 4.7.0
2026-09-25 08:41:11,087:INFO:               numba: 0.67.0
2026-09-25 08:41:11,087:INFO:            requests: 2.34.2
2026-09-25 08:41:11,087:INFO:          matplotlib: 3.7.5
2026-09-25 08:41:11,087:INFO:          scikitplot: 0.3.7
2026-09-25 08:41:11,087:INFO:         yellowbrick: 1.5
2026-09-25 08:41:11,087:INFO:              plotly: 6.9.0
2026-09-25 08:41:11,087:INFO:    plotly-resampler: Not installed
2026-09-25 08:41:11,087:INFO:             kaleido: 1.4.0
2026-09-25 08:41:11,089:INFO:           schemdraw: 0.15
2026-09-25 08:41:11,089:INFO:         statsmodels: 0.15.0
2026-09-25 08:41:11,089:INFO:              sktime: 0.26.0
2026-09-25 08:41:11,089:INFO:               tbats: 1.1.3
2026-09-25 08:41:11,089:INFO:            pmdarima: 2.0.4
2026-09-25 08:41:11,089:INFO:              psutil: 7.2.2
2026-09-25 08:41:11,089:INFO:          markupsafe: 3.0.3
2026-09-25 08:41:11,089:INFO:             pickle5: Not installed
2026-09-25 08:41:11,089:INFO:         cloudpickle: 3.1.2
2026-09-25 08:41:11,089:INFO:         deprecation: 2.1.0
2026-09-25 08:41:11,089:INFO:              xxhash: 4.0.1
2026-09-25 08:41:11,089:INFO:           wurlitzer: Not installed
2026-09-25 08:41:11,089:INFO:PyCaret optional dependencies:
2026-09-25 08:41:11,093:INFO:                shap: Not installed
2026-09-25 08:41:11,093:INFO:           interpret: Not installed
2026-09-25 08:41:11,093:INFO:                umap: Not installed
2026-09-25 08:41:11,093:INFO:     ydata_profiling: Not installed
2026-09-25 08:41:11,093:INFO:  explainerdashboard: Not installed
2026-09-25 08:41:11,093:INFO:             autoviz: Not installed
2026-09-25 08:41:11,093:INFO:           fairlearn: Not installed
2026-09-25 08:41:11,093:INFO:          deepchecks: Not installed
2026-09-25 08:41:11,095:INFO:             xgboost: Not installed
2026-09-25 08:41:11,095:INFO:            catboost: Not installed
2026-09-25 08:41:11,095:INFO:              kmodes: Not installed
2026-09-25 08:41:11,095:INFO:             mlxtend: Not installed
2026-09-25 08:41:11,095:INFO:       statsforecast: Not installed
2026-09-25 08:41:11,095:INFO:        tune_sklearn: Not installed
2026-09-25 08:41:11,095:INFO:                 ray: Not installed
2026-09-25 08:41:11,095:INFO:            hyperopt: Not installed
2026-09-25 08:41:11,095:INFO:              optuna: Not installed
2026-09-25 08:41:11,095:INFO:               skopt: Not installed
2026-09-25 08:41:11,095:INFO:              mlflow: Not installed
2026-09-25 08:41:11,095:INFO:              gradio: Not installed
2026-09-25 08:41:11,095:INFO:             fastapi: Not installed
2026-09-25 08:41:11,095:INFO:             uvicorn: Not installed
2026-09-25 08:41:11,095:INFO:              m2cgen: Not installed
2026-09-25 08:41:11,095:INFO:           evidently: Not installed
2026-09-25 08:41:11,095:INFO:               fugue: Not installed
2026-09-25 08:41:11,095:INFO:           streamlit: Not installed
2026-09-25 08:41:11,095:INFO:             prophet: Not installed
2026-09-25 08:41:11,095:INFO:None
2026-09-25 08:41:11,095:INFO:Set up data.
2026-09-25 08:41:11,114:INFO:Set up folding strategy.
2026-09-25 08:41:11,114:INFO:Set up train/test split.
2026-09-25 08:41:11,138:INFO:Set up index.
2026-09-25 08:41:11,138:INFO:Assigning column types.
2026-09-25 08:41:11,141:INFO:Engine successfully changes for model 'lr' to 'sklearn'.
2026-09-25 08:41:11,167:INFO:Engine for model 'knn' has not been set explicitly, hence returning None.
2026-09-25 08:41:11,169:INFO:Engine for model 'rbfsvm' has not been set explicitly, hence returning None.
2026-09-25 08:41:11,191:WARNING:
'xgboost' is a soft dependency and not included in the pycaret installation. Please run: `pip install xgboost` to install.
Alternately, you can install this by running `pip install pycaret[models]`
2026-09-25 08:41:11,191:WARNING:
'catboost' is a soft dependency and not included in the pycaret installation. Please run: `pip install catboost` to install.
Alternately, you can install this by running `pip install pycaret[models]`
2026-09-25 08:41:11,215:INFO:Engine for model 'knn' has not been set explicitly, hence returning None.
2026-09-25 08:41:11,215:INFO:Engine for model 'rbfsvm' has not been set explicitly, hence returning None.
2026-09-25 08:41:11,230:WARNING:
'xgboost' is a soft dependency and not included in the pycaret installation. Please run: `pip install xgboost` to install.
Alternately, you can install this by running `pip install pycaret[models]`
2026-09-25 08:41:11,230:WARNING:
'catboost' is a soft dependency and not included in the pycaret installation. Please run: `pip install catboost` to install.
Alternately, you can install this by running `pip install pycaret[models]`
2026-09-25 08:41:11,232:INFO:Engine successfully changes for model 'knn' to 'sklearn'.
2026-09-25 08:41:11,255:INFO:Engine for model 'rbfsvm' has not been set explicitly, hence returning None.
2026-09-25 08:41:11,269:WARNING:
'xgboost' is a soft dependency and not included in the pycaret installation. Please run: `pip install xgboost` to install.
Alternately, you can install this by running `pip install pycaret[models]`
2026-09-25 08:41:11,270:WARNING:
'catboost' is a soft dependency and not included in the pycaret installation. Please run: `pip install catboost` to install.
Alternately, you can install this by running `pip install pycaret[models]`
2026-09-25 08:41:11,296:INFO:Engine for model 'rbfsvm' has not been set explicitly, hence returning None.
2026-09-25 08:41:11,313:WARNING:
'xgboost' is a soft dependency and not included in the pycaret installation. Please run: `pip install xgboost` to install.
Alternately, you can install this by running `pip install pycaret[models]`
2026-09-25 08:41:11,313:WARNING:
'catboost' is a soft dependency and not included in the pycaret installation. Please run: `pip install catboost` to install.
Alternately, you can install this by running `pip install pycaret[models]`
2026-09-25 08:41:11,313:INFO:Engine successfully changes for model 'rbfsvm' to 'sklearn'.
2026-09-25 08:41:11,350:WARNING:
'xgboost' is a soft dependency and not included in the pycaret installation. Please run: `pip install xgboost` to install.
Alternately, you can install this by running `pip install pycaret[models]`
2026-09-25 08:41:11,350:WARNING:
'catboost' is a soft dependency and not included in the pycaret installation. Please run: `pip install catboost` to install.
Alternately, you can install this by running `pip install pycaret[models]`
2026-09-25 08:41:11,392:WARNING:
'xgboost' is a soft dependency and not included in the pycaret installation. Please run: `pip install xgboost` to install.
Alternately, you can install this by running `pip install pycaret[models]`
2026-09-25 08:41:11,393:WARNING:
'catboost' is a soft dependency and not included in the pycaret installation. Please run: `pip install catboost` to install.
Alternately, you can install this by running `pip install pycaret[models]`
2026-09-25 08:41:11,395:INFO:Preparing preprocessing pipeline...
2026-09-25 08:41:11,398:INFO:Set up label encoding.
2026-09-25 08:41:11,398:INFO:Set up simple imputation.
2026-09-25 08:41:11,400:INFO:Set up encoding of ordinal features.
2026-09-25 08:41:11,403:INFO:Set up encoding of categorical features.
2026-09-25 08:41:11,630:INFO:Finished creating preprocessing pipeline.
2026-09-25 08:41:11,655:INFO:Pipeline: Pipeline(memory=FastMemory(location=C:\Users\LABORA~1\AppData\Local\Temp\joblib),
         steps=[('label_encoding',
                 TransformerWrapperWithInverse(exclude=None, include=None,
                                               transformer=LabelEncoder())),
                ('numerical_imputer',
                 TransformerWrapper(exclude=None,
                                    include=['SeniorCitizen', 'tenure',
                                             'MonthlyCharges'],
                                    transformer=SimpleImputer(add_indicator=False,
                                                              copy=Tru...
                                                              return_df=True,
                                                              use_cat_names=True,
                                                              verbose=0))),
                ('rest_encoding',
                 TransformerWrapper(exclude=None,
                                    include=['customerID', 'TotalCharges'],
                                    transformer=TargetEncoder(cols=['customerID',
                                                                    'TotalCharges'],
                                                              drop_invariant=False,
                                                              handle_missing='return_nan',
                                                              handle_unknown='value',
                                                              hierarchy=None,
                                                              min_samples_leaf=20,
                                                              return_df=True,
                                                              smoothing=10,
                                                              verbose=0)))],
         verbose=False)
2026-09-25 08:41:11,655:INFO:Creating final display dataframe.
2026-09-25 08:41:12,120:INFO:Setup _display_container:                     Description             Value
0                    Session id               123
1                        Target             Churn
2                   Target type            Binary
3                Target mapping     No: 0, Yes: 1
4           Original data shape        (7043, 21)
5        Transformed data shape        (7043, 42)
6   Transformed train set shape        (4930, 42)
7    Transformed test set shape        (2113, 42)
8              Numeric features                 3
9          Categorical features                17
10                   Preprocess              True
11              Imputation type            simple
12           Numeric imputation              mean
13       Categorical imputation              mode
14     Maximum one-hot encoding                25
15              Encoding method              None
16               Fold Generator   StratifiedKFold
17                  Fold Number                10
18                     CPU Jobs                -1
19                      Use GPU             False
20               Log Experiment             False
21              Experiment Name  clf-default-name
22                          USI              80a2
2026-09-25 08:41:12,172:WARNING:
'xgboost' is a soft dependency and not included in the pycaret installation. Please run: `pip install xgboost` to install.
Alternately, you can install this by running `pip install pycaret[models]`
2026-09-25 08:41:12,172:WARNING:
'catboost' is a soft dependency and not included in the pycaret installation. Please run: `pip install catboost` to install.
Alternately, you can install this by running `pip install pycaret[models]`
2026-09-25 08:41:12,212:WARNING:
'xgboost' is a soft dependency and not included in the pycaret installation. Please run: `pip install xgboost` to install.
Alternately, you can install this by running `pip install pycaret[models]`
2026-09-25 08:41:12,212:WARNING:
'catboost' is a soft dependency and not included in the pycaret installation. Please run: `pip install catboost` to install.
Alternately, you can install this by running `pip install pycaret[models]`
2026-09-25 08:41:12,212:INFO:setup() successfully completed in 1.18s...............
2026-09-25 08:42:30,005:INFO:Initializing compare_models()
2026-09-25 08:42:30,006:INFO:compare_models(self=<pycaret.classification.oop.ClassificationExperiment object at 0x000001CB16FA2A50>, include=None, exclude=None, fold=None, round=4, cross_validation=True, sort=Accuracy, n_select=1, budget_time=None, turbo=True, errors=ignore, fit_kwargs=None, groups=None, experiment_custom_tags=None, probability_threshold=None, verbose=True, parallel=None, caller_params={'self': <pycaret.classification.oop.ClassificationExperiment object at 0x000001CB16FA2A50>, 'include': None, 'exclude': None, 'fold': None, 'round': 4, 'cross_validation': True, 'sort': 'Accuracy', 'n_select': 1, 'budget_time': None, 'turbo': True, 'errors': 'ignore', 'fit_kwargs': None, 'groups': None, 'experiment_custom_tags': None, 'probability_threshold': None, 'engine': None, 'verbose': True, 'parallel': None, '__class__': <class 'pycaret.classification.oop.ClassificationExperiment'>})
2026-09-25 08:42:30,006:INFO:Checking exceptions
2026-09-25 08:42:30,009:INFO:Preparing display monitor
2026-09-25 08:42:30,027:INFO:Initializing Logistic Regression
2026-09-25 08:42:30,027:INFO:Total runtime is 0.0 minutes
2026-09-25 08:42:30,032:INFO:SubProcess create_model() called ==================================
2026-09-25 08:42:30,032:INFO:Initializing create_model()
2026-09-25 08:42:30,032:INFO:create_model(self=<pycaret.classification.oop.ClassificationExperiment object at 0x000001CB16FA2A50>, estimator=lr, fold=StratifiedKFold(n_splits=10, random_state=None, shuffle=False), round=4, cross_validation=True, predict=True, fit_kwargs={}, groups=None, refit=False, probability_threshold=None, experiment_custom_tags=None, verbose=False, system=False, add_to_model_list=True, metrics=None, display=<pycaret.internal.display.display.CommonDisplay object at 0x000001CB170ECCD0>, model_only=True, return_train_score=False, error_score=0.0, kwargs={})
2026-09-25 08:42:30,032:INFO:Checking exceptions
2026-09-25 08:42:30,032:INFO:Importing libraries
2026-09-25 08:42:30,032:INFO:Copying training dataset
2026-09-25 08:42:30,036:INFO:Defining folds
2026-09-25 08:42:30,036:INFO:Declaring metric variables
2026-09-25 08:42:30,037:INFO:Importing untrained model
2026-09-25 08:42:30,040:INFO:Logistic Regression Imported successfully
2026-09-25 08:42:30,045:INFO:Starting cross validation
2026-09-25 08:42:30,048:INFO:Cross validating with StratifiedKFold(n_splits=10, random_state=None, shuffle=False), n_jobs=-1
2026-09-25 08:42:33,445:WARNING:c:\Users\laboratorio\Desktop\TIAS\PyCaret\.venv\Lib\site-packages\_distutils_hack\__init__.py:33: UserWarning: Setuptools is replacing distutils.
  warnings.warn("Setuptools is replacing distutils.")

2026-09-25 08:42:33,445:WARNING:c:\Users\laboratorio\Desktop\TIAS\PyCaret\.venv\Lib\site-packages\_distutils_hack\__init__.py:33: UserWarning: Setuptools is replacing distutils.
  warnings.warn("Setuptools is replacing distutils.")

2026-09-25 08:42:33,445:WARNING:c:\Users\laboratorio\Desktop\TIAS\PyCaret\.venv\Lib\site-packages\_distutils_hack\__init__.py:33: UserWarning: Setuptools is replacing distutils.
  warnings.warn("Setuptools is replacing distutils.")

2026-09-25 08:42:33,445:WARNING:c:\Users\laboratorio\Desktop\TIAS\PyCaret\.venv\Lib\site-packages\_distutils_hack\__init__.py:33: UserWarning: Setuptools is replacing distutils.
  warnings.warn("Setuptools is replacing distutils.")

2026-09-25 08:42:33,445:WARNING:c:\Users\laboratorio\Desktop\TIAS\PyCaret\.venv\Lib\site-packages\_distutils_hack\__init__.py:33: UserWarning: Setuptools is replacing distutils.
  warnings.warn("Setuptools is replacing distutils.")

2026-09-25 08:42:33,445:WARNING:c:\Users\laboratorio\Desktop\TIAS\PyCaret\.venv\Lib\site-packages\_distutils_hack\__init__.py:33: UserWarning: Setuptools is replacing distutils.
  warnings.warn("Setuptools is replacing distutils.")

2026-09-25 08:42:33,445:WARNING:c:\Users\laboratorio\Desktop\TIAS\PyCaret\.venv\Lib\site-packages\_distutils_hack\__init__.py:33: UserWarning: Setuptools is replacing distutils.
  warnings.warn("Setuptools is replacing distutils.")

2026-09-25 08:42:33,447:WARNING:c:\Users\laboratorio\Desktop\TIAS\PyCaret\.venv\Lib\site-packages\_distutils_hack\__init__.py:33: UserWarning: Setuptools is replacing distutils.
  warnings.warn("Setuptools is replacing distutils.")

2026-09-25 08:42:34,235:WARNING:c:\Users\laboratorio\Desktop\TIAS\PyCaret\.venv\Lib\site-packages\sklearn\metrics\_classification.py:1561: UserWarning: Note that pos_label (set to 'Yes') is ignored when average != 'binary' (got 'weighted'). You may use labels=[pos_label] to specify a single positive class.
  warnings.warn(

2026-09-25 08:42:34,245:WARNING:c:\Users\laboratorio\Desktop\TIAS\PyCaret\.venv\Lib\site-packages\sklearn\metrics\_classification.py:1561: UserWarning: Note that pos_label (set to 'Yes') is ignored when average != 'binary' (got 'weighted'). You may use labels=[pos_label] to specify a single positive class.
  warnings.warn(

2026-09-25 08:42:34,245:WARNING:c:\Users\laboratorio\Desktop\TIAS\PyCaret\.venv\Lib\site-packages\sklearn\metrics\_classification.py:1561: UserWarning: Note that pos_label (set to 'Yes') is ignored when average != 'binary' (got 'weighted'). You may use labels=[pos_label] to specify a single positive class.
  warnings.warn(

2026-09-25 08:42:34,251:WARNING:c:\Users\laboratorio\Desktop\TIAS\PyCaret\.venv\Lib\site-packages\sklearn\metrics\_classification.py:1561: UserWarning: Note that pos_label (set to 'Yes') is ignored when average != 'binary' (got 'weighted'). You may use labels=[pos_label] to specify a single positive class.
  warnings.warn(

2026-09-25 08:42:34,259:WARNING:c:\Users\laboratorio\Desktop\TIAS\PyCaret\.venv\Lib\site-packages\sklearn\metrics\_classification.py:1561: UserWarning: Note that pos_label (set to 'Yes') is ignored when average != 'binary' (got 'weighted'). You may use labels=[pos_label] to specify a single positive class.
  warnings.warn(

2026-09-25 08:42:34,259:WARNING:c:\Users\laboratorio\Desktop\TIAS\PyCaret\.venv\Lib\site-packages\sklearn\metrics\_classification.py:1561: UserWarning: Note that pos_label (set to 'Yes') is ignored when average != 'binary' (got 'weighted'). You may use labels=[pos_label] to specify a single positive class.
  warnings.warn(

2026-09-25 08:42:34,290:WARNING:c:\Users\laboratorio\Desktop\TIAS\PyCaret\.venv\Lib\site-packages\sklearn\metrics\_classification.py:1561: UserWarning: Note that pos_label (set to 'Yes') is ignored when average != 'binary' (got 'weighted'). You may use labels=[pos_label] to specify a single positive class.
  warnings.warn(

2026-09-25 08:42:34,298:WARNING:c:\Users\laboratorio\Desktop\TIAS\PyCaret\.venv\Lib\site-packages\sklearn\metrics\_classification.py:1561: UserWarning: Note that pos_label (set to 'Yes') is ignored when average != 'binary' (got 'weighted'). You may use labels=[pos_label] to specify a single positive class.
  warnings.warn(

2026-09-25 08:42:34,298:WARNING:c:\Users\laboratorio\Desktop\TIAS\PyCaret\.venv\Lib\site-packages\sklearn\metrics\_classification.py:1561: UserWarning: Note that pos_label (set to 'Yes') is ignored when average != 'binary' (got 'weighted'). You may use labels=[pos_label] to specify a single positive class.
  warnings.warn(

2026-09-25 08:42:34,303:WARNING:c:\Users\laboratorio\Desktop\TIAS\PyCaret\.venv\Lib\site-packages\sklearn\metrics\_classification.py:1561: UserWarning: Note that pos_label (set to 'Yes') is ignored when average != 'binary' (got 'weighted'). You may use labels=[pos_label] to specify a single positive class.
  warnings.warn(

2026-09-25 08:42:34,303:WARNING:c:\Users\laboratorio\Desktop\TIAS\PyCaret\.venv\Lib\site-packages\sklearn\metrics\_classification.py:1561: UserWarning: Note that pos_label (set to 'Yes') is ignored when average != 'binary' (got 'weighted'). You may use labels=[pos_label] to specify a single positive class.
  warnings.warn(

2026-09-25 08:42:34,304:WARNING:c:\Users\laboratorio\Desktop\TIAS\PyCaret\.venv\Lib\site-packages\sklearn\metrics\_classification.py:1561: UserWarning: Note that pos_label (set to 'Yes') is ignored when average != 'binary' (got 'weighted'). You may use labels=[pos_label] to specify a single positive class.
  warnings.warn(

2026-09-25 08:42:34,308:WARNING:c:\Users\laboratorio\Desktop\TIAS\PyCaret\.venv\Lib\site-packages\sklearn\metrics\_classification.py:1561: UserWarning: Note that pos_label (set to 'Yes') is ignored when average != 'binary' (got 'weighted'). You may use labels=[pos_label] to specify a single positive class.
  warnings.warn(

2026-09-25 08:42:34,309:WARNING:c:\Users\laboratorio\Desktop\TIAS\PyCaret\.venv\Lib\site-packages\sklearn\metrics\_classification.py:1561: UserWarning: Note that pos_label (set to 'Yes') is ignored when average != 'binary' (got 'weighted'). You may use labels=[pos_label] to specify a single positive class.
  warnings.warn(

2026-09-25 08:42:34,317:WARNING:c:\Users\laboratorio\Desktop\TIAS\PyCaret\.venv\Lib\site-packages\sklearn\metrics\_classification.py:1561: UserWarning: Note that pos_label (set to 'Yes') is ignored when average != 'binary' (got 'weighted'). You may use labels=[pos_label] to specify a single positive class.
  warnings.warn(

2026-09-25 08:42:34,330:WARNING:c:\Users\laboratorio\Desktop\TIAS\PyCaret\.venv\Lib\site-packages\sklearn\metrics\_classification.py:1561: UserWarning: Note that pos_label (set to 'Yes') is ignored when average != 'binary' (got 'weighted'). You may use labels=[pos_label] to specify a single positive class.
  warnings.warn(

2026-09-25 08:42:34,334:WARNING:c:\Users\laboratorio\Desktop\TIAS\PyCaret\.venv\Lib\site-packages\sklearn\metrics\_classification.py:1561: UserWarning: Note that pos_label (set to 'Yes') is ignored when average != 'binary' (got 'weighted'). You may use labels=[pos_label] to specify a single positive class.
  warnings.warn(

2026-09-25 08:42:34,334:WARNING:c:\Users\laboratorio\Desktop\TIAS\PyCaret\.venv\Lib\site-packages\sklearn\metrics\_classification.py:1561: UserWarning: Note that pos_label (set to 'Yes') is ignored when average != 'binary' (got 'weighted'). You may use labels=[pos_label] to specify a single positive class.
  warnings.warn(

2026-09-25 08:42:34,335:WARNING:c:\Users\laboratorio\Desktop\TIAS\PyCaret\.venv\Lib\site-packages\sklearn\metrics\_classification.py:1561: UserWarning: Note that pos_label (set to 'Yes') is ignored when average != 'binary' (got 'weighted'). You may use labels=[pos_label] to specify a single positive class.
  warnings.warn(

2026-09-25 08:42:34,337:WARNING:c:\Users\laboratorio\Desktop\TIAS\PyCaret\.venv\Lib\site-packages\sklearn\metrics\_classification.py:1561: UserWarning: Note that pos_label (set to 'Yes') is ignored when average != 'binary' (got 'weighted'). You may use labels=[pos_label] to specify a single positive class.
  warnings.warn(

2026-09-25 08:42:34,339:WARNING:c:\Users\laboratorio\Desktop\TIAS\PyCaret\.venv\Lib\site-packages\sklearn\metrics\_classification.py:1561: UserWarning: Note that pos_label (set to 'Yes') is ignored when average != 'binary' (got 'weighted'). You may use labels=[pos_label] to specify a single positive class.
  warnings.warn(

2026-09-25 08:42:34,339:WARNING:c:\Users\laboratorio\Desktop\TIAS\PyCaret\.venv\Lib\site-packages\sklearn\metrics\_classification.py:1561: UserWarning: Note that pos_label (set to 'Yes') is ignored when average != 'binary' (got 'weighted'). You may use labels=[pos_label] to specify a single positive class.
  warnings.warn(

2026-09-25 08:42:34,339:WARNING:c:\Users\laboratorio\Desktop\TIAS\PyCaret\.venv\Lib\site-packages\sklearn\metrics\_classification.py:1561: UserWarning: Note that pos_label (set to 'Yes') is ignored when average != 'binary' (got 'weighted'). You may use labels=[pos_label] to specify a single positive class.
  warnings.warn(

2026-09-25 08:42:34,341:WARNING:c:\Users\laboratorio\Desktop\TIAS\PyCaret\.venv\Lib\site-packages\sklearn\metrics\_classification.py:1561: UserWarning: Note that pos_label (set to 'Yes') is ignored when average != 'binary' (got 'weighted'). You may use labels=[pos_label] to specify a single positive class.
  warnings.warn(

2026-09-25 08:42:34,342:WARNING:c:\Users\laboratorio\Desktop\TIAS\PyCaret\.venv\Lib\site-packages\sklearn\metrics\_classification.py:1561: UserWarning: Note that pos_label (set to 'Yes') is ignored when average != 'binary' (got 'weighted'). You may use labels=[pos_label] to specify a single positive class.
  warnings.warn(

2026-09-25 08:42:34,345:WARNING:c:\Users\laboratorio\Desktop\TIAS\PyCaret\.venv\Lib\site-packages\sklearn\metrics\_classification.py:1561: UserWarning: Note that pos_label (set to 'Yes') is ignored when average != 'binary' (got 'weighted'). You may use labels=[pos_label] to specify a single positive class.
  warnings.warn(

2026-09-25 08:42:34,346:WARNING:c:\Users\laboratorio\Desktop\TIAS\PyCaret\.venv\Lib\site-packages\sklearn\metrics\_classification.py:1561: UserWarning: Note that pos_label (set to 'Yes') is ignored when average != 'binary' (got 'weighted'). You may use labels=[pos_label] to specify a single positive class.
  warnings.warn(

2026-09-25 08:42:34,348:WARNING:c:\Users\laboratorio\Desktop\TIAS\PyCaret\.venv\Lib\site-packages\sklearn\metrics\_classification.py:1561: UserWarning: Note that pos_label (set to 'Yes') is ignored when average != 'binary' (got 'weighted'). You may use labels=[pos_label] to specify a single positive class.
  warnings.warn(

2026-09-25 08:42:34,349:WARNING:c:\Users\laboratorio\Desktop\TIAS\PyCaret\.venv\Lib\site-packages\sklearn\metrics\_classification.py:1561: UserWarning: Note that pos_label (set to 'Yes') is ignored when average != 'binary' (got 'weighted'). You may use labels=[pos_label] to specify a single positive class.
  warnings.warn(

2026-09-25 08:42:34,350:WARNING:c:\Users\laboratorio\Desktop\TIAS\PyCaret\.venv\Lib\site-packages\sklearn\metrics\_classification.py:1561: UserWarning: Note that pos_label (set to 'Yes') is ignored when average != 'binary' (got 'weighted'). You may use labels=[pos_label] to specify a single positive class.
  warnings.warn(

2026-09-25 08:42:34,370:INFO:Calculating mean and std
2026-09-25 08:42:34,372:INFO:Creating metrics dataframe
2026-09-25 08:42:34,377:INFO:Uploading results into container
2026-09-25 08:42:34,381:INFO:Uploading model into container now
2026-09-25 08:42:34,381:INFO:_master_model_container: 1
2026-09-25 08:42:34,381:INFO:_display_container: 2
2026-09-25 08:42:34,383:INFO:LogisticRegression(C=1.0, class_weight=None, dual=False, fit_intercept=True,
                   intercept_scaling=1, l1_ratio=None, max_iter=1000,
                   multi_class='auto', n_jobs=None, penalty='l2',
                   random_state=123, solver='lbfgs', tol=0.0001, verbose=0,
                   warm_start=False)
2026-09-25 08:42:34,383:INFO:create_model() successfully completed......................................
2026-09-25 08:42:34,567:INFO:SubProcess create_model() end ==================================
2026-09-25 08:42:34,567:INFO:Creating metrics dataframe
2026-09-25 08:42:34,570:INFO:Initializing K Neighbors Classifier
2026-09-25 08:42:34,570:INFO:Total runtime is 0.07570732037226359 minutes
2026-09-25 08:42:34,573:INFO:SubProcess create_model() called ==================================
2026-09-25 08:42:34,573:INFO:Initializing create_model()
2026-09-25 08:42:34,573:INFO:create_model(self=<pycaret.classification.oop.ClassificationExperiment object at 0x000001CB16FA2A50>, estimator=knn, fold=StratifiedKFold(n_splits=10, random_state=None, shuffle=False), round=4, cross_validation=True, predict=True, fit_kwargs={}, groups=None, refit=False, probability_threshold=None, experiment_custom_tags=None, verbose=False, system=False, add_to_model_list=True, metrics=None, display=<pycaret.internal.display.display.CommonDisplay object at 0x000001CB170ECCD0>, model_only=True, return_train_score=False, error_score=0.0, kwargs={})
2026-09-25 08:42:34,573:INFO:Checking exceptions
2026-09-25 08:42:34,573:INFO:Importing libraries
2026-09-25 08:42:34,573:INFO:Copying training dataset
2026-09-25 08:42:34,577:INFO:Defining folds
2026-09-25 08:42:34,577:INFO:Declaring metric variables
2026-09-25 08:42:34,578:INFO:Importing untrained model
2026-09-25 08:42:34,580:INFO:K Neighbors Classifier Imported successfully
2026-09-25 08:42:34,584:INFO:Starting cross validation
2026-09-25 08:42:34,586:INFO:Cross validating with StratifiedKFold(n_splits=10, random_state=None, shuffle=False), n_jobs=-1
2026-09-25 08:42:35,169:WARNING:c:\Users\laboratorio\Desktop\TIAS\PyCaret\.venv\Lib\site-packages\sklearn\metrics\_classification.py:1561: UserWarning: Note that pos_label (set to 'Yes') is ignored when average != 'binary' (got 'weighted'). You may use labels=[pos_label] to specify a single positive class.
  warnings.warn(

2026-09-25 08:42:35,174:WARNING:c:\Users\laboratorio\Desktop\TIAS\PyCaret\.venv\Lib\site-packages\sklearn\metrics\_classification.py:1561: UserWarning: Note that pos_label (set to 'Yes') is ignored when average != 'binary' (got 'weighted'). You may use labels=[pos_label] to specify a single positive class.
  warnings.warn(

2026-09-25 08:42:35,176:WARNING:c:\Users\laboratorio\Desktop\TIAS\PyCaret\.venv\Lib\site-packages\sklearn\metrics\_classification.py:1561: UserWarning: Note that pos_label (set to 'Yes') is ignored when average != 'binary' (got 'weighted'). You may use labels=[pos_label] to specify a single positive class.
  warnings.warn(

2026-09-25 08:42:35,179:WARNING:c:\Users\laboratorio\Desktop\TIAS\PyCaret\.venv\Lib\site-packages\sklearn\metrics\_classification.py:1561: UserWarning: Note that pos_label (set to 'Yes') is ignored when average != 'binary' (got 'weighted'). You may use labels=[pos_label] to specify a single positive class.
  warnings.warn(

2026-09-25 08:42:35,180:WARNING:c:\Users\laboratorio\Desktop\TIAS\PyCaret\.venv\Lib\site-packages\sklearn\metrics\_classification.py:1561: UserWarning: Note that pos_label (set to 'Yes') is ignored when average != 'binary' (got 'weighted'). You may use labels=[pos_label] to specify a single positive class.
  warnings.warn(

2026-09-25 08:42:35,180:WARNING:c:\Users\laboratorio\Desktop\TIAS\PyCaret\.venv\Lib\site-packages\sklearn\metrics\_classification.py:1561: UserWarning: Note that pos_label (set to 'Yes') is ignored when average != 'binary' (got 'weighted'). You may use labels=[pos_label] to specify a single positive class.
  warnings.warn(

2026-09-25 08:42:35,182:WARNING:c:\Users\laboratorio\Desktop\TIAS\PyCaret\.venv\Lib\site-packages\sklearn\metrics\_classification.py:1561: UserWarning: Note that pos_label (set to 'Yes') is ignored when average != 'binary' (got 'weighted'). You may use labels=[pos_label] to specify a single positive class.
  warnings.warn(

2026-09-25 08:42:35,182:WARNING:c:\Users\laboratorio\Desktop\TIAS\PyCaret\.venv\Lib\site-packages\sklearn\metrics\_classification.py:1561: UserWarning: Note that pos_label (set to 'Yes') is ignored when average != 'binary' (got 'weighted'). You may use labels=[pos_label] to specify a single positive class.
  warnings.warn(

2026-09-25 08:42:35,182:WARNING:c:\Users\laboratorio\Desktop\TIAS\PyCaret\.venv\Lib\site-packages\sklearn\metrics\_classification.py:1561: UserWarning: Note that pos_label (set to 'Yes') is ignored when average != 'binary' (got 'weighted'). You may use labels=[pos_label] to specify a single positive class.
  warnings.warn(

2026-09-25 08:42:35,182:WARNING:c:\Users\laboratorio\Desktop\TIAS\PyCaret\.venv\Lib\site-packages\sklearn\metrics\_classification.py:1561: UserWarning: Note that pos_label (set to 'Yes') is ignored when average != 'binary' (got 'weighted'). You may use labels=[pos_label] to specify a single positive class.
  warnings.warn(

2026-09-25 08:42:35,183:WARNING:c:\Users\laboratorio\Desktop\TIAS\PyCaret\.venv\Lib\site-packages\sklearn\metrics\_classification.py:1561: UserWarning: Note that pos_label (set to 'Yes') is ignored when average != 'binary' (got 'weighted'). You may use labels=[pos_label] to specify a single positive class.
  warnings.warn(

2026-09-25 08:42:35,183:WARNING:c:\Users\laboratorio\Desktop\TIAS\PyCaret\.venv\Lib\site-packages\sklearn\metrics\_classification.py:1561: UserWarning: Note that pos_label (set to 'Yes') is ignored when average != 'binary' (got 'weighted'). You may use labels=[pos_label] to specify a single positive class.
  warnings.warn(

2026-09-25 08:42:35,183:WARNING:c:\Users\laboratorio\Desktop\TIAS\PyCaret\.venv\Lib\site-packages\sklearn\metrics\_classification.py:1561: UserWarning: Note that pos_label (set to 'Yes') is ignored when average != 'binary' (got 'weighted'). You may use labels=[pos_label] to specify a single positive class.
  warnings.warn(

2026-09-25 08:42:35,185:WARNING:c:\Users\laboratorio\Desktop\TIAS\PyCaret\.venv\Lib\site-packages\sklearn\metrics\_classification.py:1561: UserWarning: Note that pos_label (set to 'Yes') is ignored when average != 'binary' (got 'weighted'). You may use labels=[pos_label] to specify a single positive class.
  warnings.warn(

2026-09-25 08:42:35,186:WARNING:c:\Users\laboratorio\Desktop\TIAS\PyCaret\.venv\Lib\site-packages\sklearn\metrics\_classification.py:1561: UserWarning: Note that pos_label (set to 'Yes') is ignored when average != 'binary' (got 'weighted'). You may use labels=[pos_label] to specify a single positive class.
  warnings.warn(

2026-09-25 08:42:35,186:WARNING:c:\Users\laboratorio\Desktop\TIAS\PyCaret\.venv\Lib\site-packages\sklearn\metrics\_classification.py:1561: UserWarning: Note that pos_label (set to 'Yes') is ignored when average != 'binary' (got 'weighted'). You may use labels=[pos_label] to specify a single positive class.
  warnings.warn(

2026-09-25 08:42:35,186:WARNING:c:\Users\laboratorio\Desktop\TIAS\PyCaret\.venv\Lib\site-packages\sklearn\metrics\_classification.py:1561: UserWarning: Note that pos_label (set to 'Yes') is ignored when average != 'binary' (got 'weighted'). You may use labels=[pos_label] to specify a single positive class.
  warnings.warn(

2026-09-25 08:42:35,186:WARNING:c:\Users\laboratorio\Desktop\TIAS\PyCaret\.venv\Lib\site-packages\sklearn\metrics\_classification.py:1561: UserWarning: Note that pos_label (set to 'Yes') is ignored when average != 'binary' (got 'weighted'). You may use labels=[pos_label] to specify a single positive class.
  warnings.warn(

2026-09-25 08:42:35,188:WARNING:c:\Users\laboratorio\Desktop\TIAS\PyCaret\.venv\Lib\site-packages\sklearn\metrics\_classification.py:1561: UserWarning: Note that pos_label (set to 'Yes') is ignored when average != 'binary' (got 'weighted'). You may use labels=[pos_label] to specify a single positive class.
  warnings.warn(

2026-09-25 08:42:35,191:WARNING:c:\Users\laboratorio\Desktop\TIAS\PyCaret\.venv\Lib\site-packages\sklearn\metrics\_classification.py:1561: UserWarning: Note that pos_label (set to 'Yes') is ignored when average != 'binary' (got 'weighted'). You may use labels=[pos_label] to specify a single positive class.
  warnings.warn(

2026-09-25 08:42:35,191:WARNING:c:\Users\laboratorio\Desktop\TIAS\PyCaret\.venv\Lib\site-packages\sklearn\metrics\_classification.py:1561: UserWarning: Note that pos_label (set to 'Yes') is ignored when average != 'binary' (got 'weighted'). You may use labels=[pos_label] to specify a single positive class.
  warnings.warn(

2026-09-25 08:42:35,191:WARNING:c:\Users\laboratorio\Desktop\TIAS\PyCaret\.venv\Lib\site-packages\sklearn\metrics\_classification.py:1561: UserWarning: Note that pos_label (set to 'Yes') is ignored when average != 'binary' (got 'weighted'). You may use labels=[pos_label] to specify a single positive class.
  warnings.warn(

2026-09-25 08:42:36,472:WARNING:c:\Users\laboratorio\Desktop\TIAS\PyCaret\.venv\Lib\site-packages\_distutils_hack\__init__.py:33: UserWarning: Setuptools is replacing distutils.
  warnings.warn("Setuptools is replacing distutils.")

2026-09-25 08:42:36,473:WARNING:c:\Users\laboratorio\Desktop\TIAS\PyCaret\.venv\Lib\site-packages\_distutils_hack\__init__.py:33: UserWarning: Setuptools is replacing distutils.
  warnings.warn("Setuptools is replacing distutils.")

2026-09-25 08:42:36,732:WARNING:c:\Users\laboratorio\Desktop\TIAS\PyCaret\.venv\Lib\site-packages\sklearn\metrics\_classification.py:1561: UserWarning: Note that pos_label (set to 'Yes') is ignored when average != 'binary' (got 'weighted'). You may use labels=[pos_label] to specify a single positive class.
  warnings.warn(

2026-09-25 08:42:36,732:WARNING:c:\Users\laboratorio\Desktop\TIAS\PyCaret\.venv\Lib\site-packages\sklearn\metrics\_classification.py:1561: UserWarning: Note that pos_label (set to 'Yes') is ignored when average != 'binary' (got 'weighted'). You may use labels=[pos_label] to specify a single positive class.
  warnings.warn(

2026-09-25 08:42:36,733:WARNING:c:\Users\laboratorio\Desktop\TIAS\PyCaret\.venv\Lib\site-packages\sklearn\metrics\_classification.py:1561: UserWarning: Note that pos_label (set to 'Yes') is ignored when average != 'binary' (got 'weighted'). You may use labels=[pos_label] to specify a single positive class.
  warnings.warn(

2026-09-25 08:42:36,735:WARNING:c:\Users\laboratorio\Desktop\TIAS\PyCaret\.venv\Lib\site-packages\sklearn\metrics\_classification.py:1561: UserWarning: Note that pos_label (set to 'Yes') is ignored when average != 'binary' (got 'weighted'). You may use labels=[pos_label] to specify a single positive class.
  warnings.warn(

2026-09-25 08:42:36,736:WARNING:c:\Users\laboratorio\Desktop\TIAS\PyCaret\.venv\Lib\site-packages\sklearn\metrics\_classification.py:1561: UserWarning: Note that pos_label (set to 'Yes') is ignored when average != 'binary' (got 'weighted'). You may use labels=[pos_label] to specify a single positive class.
  warnings.warn(

2026-09-25 08:42:36,736:WARNING:c:\Users\laboratorio\Desktop\TIAS\PyCaret\.venv\Lib\site-packages\sklearn\metrics\_classification.py:1561: UserWarning: Note that pos_label (set to 'Yes') is ignored when average != 'binary' (got 'weighted'). You may use labels=[pos_label] to specify a single positive class.
  warnings.warn(

2026-09-25 08:42:36,752:INFO:Calculating mean and std
2026-09-25 08:42:36,752:INFO:Creating metrics dataframe
2026-09-25 08:42:36,755:INFO:Uploading results into container
2026-09-25 08:42:36,756:INFO:Uploading model into container now
2026-09-25 08:42:36,756:INFO:_master_model_container: 2
2026-09-25 08:42:36,756:INFO:_display_container: 2
2026-09-25 08:42:36,756:INFO:KNeighborsClassifier(algorithm='auto', leaf_size=30, metric='minkowski',
                     metric_params=None, n_jobs=-1, n_neighbors=5, p=2,
                     weights='uniform')
2026-09-25 08:42:36,756:INFO:create_model() successfully completed......................................
2026-09-25 08:42:36,830:INFO:SubProcess create_model() end ==================================
2026-09-25 08:42:36,830:INFO:Creating metrics dataframe
2026-09-25 08:42:36,833:INFO:Initializing Naive Bayes
2026-09-25 08:42:36,833:INFO:Total runtime is 0.11343425909678141 minutes
2026-09-25 08:42:36,836:INFO:SubProcess create_model() called ==================================
2026-09-25 08:42:36,836:INFO:Initializing create_model()
2026-09-25 08:42:36,836:INFO:create_model(self=<pycaret.classification.oop.ClassificationExperiment object at 0x000001CB16FA2A50>, estimator=nb, fold=StratifiedKFold(n_splits=10, random_state=None, shuffle=False), round=4, cross_validation=True, predict=True, fit_kwargs={}, groups=None, refit=False, probability_threshold=None, experiment_custom_tags=None, verbose=False, system=False, add_to_model_list=True, metrics=None, display=<pycaret.internal.display.display.CommonDisplay object at 0x000001CB170ECCD0>, model_only=True, return_train_score=False, error_score=0.0, kwargs={})
2026-09-25 08:42:36,836:INFO:Checking exceptions
2026-09-25 08:42:36,836:INFO:Importing libraries
2026-09-25 08:42:36,836:INFO:Copying training dataset
2026-09-25 08:42:36,839:INFO:Defining folds
2026-09-25 08:42:36,839:INFO:Declaring metric variables
2026-09-25 08:42:36,841:INFO:Importing untrained model
2026-09-25 08:42:36,842:INFO:Naive Bayes Imported successfully
2026-09-25 08:42:36,846:INFO:Starting cross validation
2026-09-25 08:42:36,848:INFO:Cross validating with StratifiedKFold(n_splits=10, random_state=None, shuffle=False), n_jobs=-1
2026-09-25 08:42:37,256:WARNING:c:\Users\laboratorio\Desktop\TIAS\PyCaret\.venv\Lib\site-packages\sklearn\metrics\_classification.py:1561: UserWarning: Note that pos_label (set to 'Yes') is ignored when average != 'binary' (got 'weighted'). You may use labels=[pos_label] to specify a single positive class.
  warnings.warn(

2026-09-25 08:42:37,261:WARNING:c:\Users\laboratorio\Desktop\TIAS\PyCaret\.venv\Lib\site-packages\sklearn\metrics\_classification.py:1561: UserWarning: Note that pos_label (set to 'Yes') is ignored when average != 'binary' (got 'weighted'). You may use labels=[pos_label] to specify a single positive class.
  warnings.warn(

2026-09-25 08:42:37,261:WARNING:c:\Users\laboratorio\Desktop\TIAS\PyCaret\.venv\Lib\site-packages\sklearn\metrics\_classification.py:1561: UserWarning: Note that pos_label (set to 'Yes') is ignored when average != 'binary' (got 'weighted'). You may use labels=[pos_label] to specify a single positive class.
  warnings.warn(

2026-09-25 08:42:37,263:WARNING:c:\Users\laboratorio\Desktop\TIAS\PyCaret\.venv\Lib\site-packages\sklearn\metrics\_classification.py:1509: UndefinedMetricWarning: Precision is ill-defined and being set to 0.0 in labels with no predicted samples. Use `zero_division` parameter to control this behavior.
  _warn_prf(average, modifier, f"{metric.capitalize()} is", len(result))

2026-09-25 08:42:37,265:WARNING:c:\Users\laboratorio\Desktop\TIAS\PyCaret\.venv\Lib\site-packages\sklearn\metrics\_classification.py:1561: UserWarning: Note that pos_label (set to 'Yes') is ignored when average != 'binary' (got 'weighted'). You may use labels=[pos_label] to specify a single positive class.
  warnings.warn(

2026-09-25 08:42:37,266:WARNING:c:\Users\laboratorio\Desktop\TIAS\PyCaret\.venv\Lib\site-packages\sklearn\metrics\_classification.py:1509: UndefinedMetricWarning: Precision is ill-defined and being set to 0.0 in labels with no predicted samples. Use `zero_division` parameter to control this behavior.
  _warn_prf(average, modifier, f"{metric.capitalize()} is", len(result))

2026-09-25 08:42:37,266:WARNING:c:\Users\laboratorio\Desktop\TIAS\PyCaret\.venv\Lib\site-packages\sklearn\metrics\_classification.py:1561: UserWarning: Note that pos_label (set to 'Yes') is ignored when average != 'binary' (got 'weighted'). You may use labels=[pos_label] to specify a single positive class.
  warnings.warn(

2026-09-25 08:42:37,268:WARNING:c:\Users\laboratorio\Desktop\TIAS\PyCaret\.venv\Lib\site-packages\sklearn\metrics\_classification.py:1561: UserWarning: Note that pos_label (set to 'Yes') is ignored when average != 'binary' (got 'weighted'). You may use labels=[pos_label] to specify a single positive class.
  warnings.warn(

2026-09-25 08:42:37,270:WARNING:c:\Users\laboratorio\Desktop\TIAS\PyCaret\.venv\Lib\site-packages\sklearn\metrics\_classification.py:1561: UserWarning: Note that pos_label (set to 'Yes') is ignored when average != 'binary' (got 'weighted'). You may use labels=[pos_label] to specify a single positive class.
  warnings.warn(

2026-09-25 08:42:37,279:WARNING:c:\Users\laboratorio\Desktop\TIAS\PyCaret\.venv\Lib\site-packages\sklearn\metrics\_classification.py:1561: UserWarning: Note that pos_label (set to 'Yes') is ignored when average != 'binary' (got 'weighted'). You may use labels=[pos_label] to specify a single positive class.
  warnings.warn(

2026-09-25 08:42:37,279:WARNING:c:\Users\laboratorio\Desktop\TIAS\PyCaret\.venv\Lib\site-packages\sklearn\metrics\_classification.py:1561: UserWarning: Note that pos_label (set to 'Yes') is ignored when average != 'binary' (got 'weighted'). You may use labels=[pos_label] to specify a single positive class.
  warnings.warn(

2026-09-25 08:42:37,281:WARNING:c:\Users\laboratorio\Desktop\TIAS\PyCaret\.venv\Lib\site-packages\sklearn\metrics\_classification.py:1509: UndefinedMetricWarning: Precision is ill-defined and being set to 0.0 in labels with no predicted samples. Use `zero_division` parameter to control this behavior.
  _warn_prf(average, modifier, f"{metric.capitalize()} is", len(result))

2026-09-25 08:42:37,283:WARNING:c:\Users\laboratorio\Desktop\TIAS\PyCaret\.venv\Lib\site-packages\sklearn\metrics\_classification.py:1561: UserWarning: Note that pos_label (set to 'Yes') is ignored when average != 'binary' (got 'weighted'). You may use labels=[pos_label] to specify a single positive class.
  warnings.warn(

2026-09-25 08:42:37,285:WARNING:c:\Users\laboratorio\Desktop\TIAS\PyCaret\.venv\Lib\site-packages\sklearn\metrics\_classification.py:1561: UserWarning: Note that pos_label (set to 'Yes') is ignored when average != 'binary' (got 'weighted'). You may use labels=[pos_label] to specify a single positive class.
  warnings.warn(

2026-09-25 08:42:37,285:WARNING:c:\Users\laboratorio\Desktop\TIAS\PyCaret\.venv\Lib\site-packages\sklearn\metrics\_classification.py:1561: UserWarning: Note that pos_label (set to 'Yes') is ignored when average != 'binary' (got 'weighted'). You may use labels=[pos_label] to specify a single positive class.
  warnings.warn(

2026-09-25 08:42:37,286:WARNING:c:\Users\laboratorio\Desktop\TIAS\PyCaret\.venv\Lib\site-packages\sklearn\metrics\_classification.py:1509: UndefinedMetricWarning: Precision is ill-defined and being set to 0.0 in labels with no predicted samples. Use `zero_division` parameter to control this behavior.
  _warn_prf(average, modifier, f"{metric.capitalize()} is", len(result))

2026-09-25 08:42:37,288:WARNING:c:\Users\laboratorio\Desktop\TIAS\PyCaret\.venv\Lib\site-packages\sklearn\metrics\_classification.py:1561: UserWarning: Note that pos_label (set to 'Yes') is ignored when average != 'binary' (got 'weighted'). You may use labels=[pos_label] to specify a single positive class.
  warnings.warn(

2026-09-25 08:42:37,289:WARNING:c:\Users\laboratorio\Desktop\TIAS\PyCaret\.venv\Lib\site-packages\sklearn\metrics\_classification.py:1561: UserWarning: Note that pos_label (set to 'Yes') is ignored when average != 'binary' (got 'weighted'). You may use labels=[pos_label] to specify a single positive class.
  warnings.warn(

2026-09-25 08:42:37,289:WARNING:c:\Users\laboratorio\Desktop\TIAS\PyCaret\.venv\Lib\site-packages\sklearn\metrics\_classification.py:1561: UserWarning: Note that pos_label (set to 'Yes') is ignored when average != 'binary' (got 'weighted'). You may use labels=[pos_label] to specify a single positive class.
  warnings.warn(

2026-09-25 08:42:37,291:WARNING:c:\Users\laboratorio\Desktop\TIAS\PyCaret\.venv\Lib\site-packages\sklearn\metrics\_classification.py:1561: UserWarning: Note that pos_label (set to 'Yes') is ignored when average != 'binary' (got 'weighted'). You may use labels=[pos_label] to specify a single positive class.
  warnings.warn(

2026-09-25 08:42:37,292:WARNING:c:\Users\laboratorio\Desktop\TIAS\PyCaret\.venv\Lib\site-packages\sklearn\metrics\_classification.py:1509: UndefinedMetricWarning: Precision is ill-defined and being set to 0.0 in labels with no predicted samples. Use `zero_division` parameter to control this behavior.
  _warn_prf(average, modifier, f"{metric.capitalize()} is", len(result))

2026-09-25 08:42:37,292:WARNING:c:\Users\laboratorio\Desktop\TIAS\PyCaret\.venv\Lib\site-packages\sklearn\metrics\_classification.py:1509: UndefinedMetricWarning: Precision is ill-defined and being set to 0.0 in labels with no predicted samples. Use `zero_division` parameter to control this behavior.
  _warn_prf(average, modifier, f"{metric.capitalize()} is", len(result))

2026-09-25 08:42:37,293:WARNING:c:\Users\laboratorio\Desktop\TIAS\PyCaret\.venv\Lib\site-packages\sklearn\metrics\_classification.py:1561: UserWarning: Note that pos_label (set to 'Yes') is ignored when average != 'binary' (got 'weighted'). You may use labels=[pos_label] to specify a single positive class.
  warnings.warn(

2026-09-25 08:42:37,295:WARNING:c:\Users\laboratorio\Desktop\TIAS\PyCaret\.venv\Lib\site-packages\sklearn\metrics\_classification.py:1561: UserWarning: Note that pos_label (set to 'Yes') is ignored when average != 'binary' (got 'weighted'). You may use labels=[pos_label] to specify a single positive class.
  warnings.warn(

2026-09-25 08:42:37,295:WARNING:c:\Users\laboratorio\Desktop\TIAS\PyCaret\.venv\Lib\site-packages\sklearn\metrics\_classification.py:1561: UserWarning: Note that pos_label (set to 'Yes') is ignored when average != 'binary' (got 'weighted'). You may use labels=[pos_label] to specify a single positive class.
  warnings.warn(

2026-09-25 08:42:37,296:WARNING:c:\Users\laboratorio\Desktop\TIAS\PyCaret\.venv\Lib\site-packages\sklearn\metrics\_classification.py:1561: UserWarning: Note that pos_label (set to 'Yes') is ignored when average != 'binary' (got 'weighted'). You may use labels=[pos_label] to specify a single positive class.
  warnings.warn(

2026-09-25 08:42:37,298:WARNING:c:\Users\laboratorio\Desktop\TIAS\PyCaret\.venv\Lib\site-packages\sklearn\metrics\_classification.py:1561: UserWarning: Note that pos_label (set to 'Yes') is ignored when average != 'binary' (got 'weighted'). You may use labels=[pos_label] to specify a single positive class.
  warnings.warn(

2026-09-25 08:42:37,298:WARNING:c:\Users\laboratorio\Desktop\TIAS\PyCaret\.venv\Lib\site-packages\sklearn\metrics\_classification.py:1509: UndefinedMetricWarning: Precision is ill-defined and being set to 0.0 in labels with no predicted samples. Use `zero_division` parameter to control this behavior.
  _warn_prf(average, modifier, f"{metric.capitalize()} is", len(result))

2026-09-25 08:42:37,299:WARNING:c:\Users\laboratorio\Desktop\TIAS\PyCaret\.venv\Lib\site-packages\sklearn\metrics\_classification.py:1561: UserWarning: Note that pos_label (set to 'Yes') is ignored when average != 'binary' (got 'weighted'). You may use labels=[pos_label] to specify a single positive class.
  warnings.warn(

2026-09-25 08:42:37,299:WARNING:c:\Users\laboratorio\Desktop\TIAS\PyCaret\.venv\Lib\site-packages\sklearn\metrics\_classification.py:1561: UserWarning: Note that pos_label (set to 'Yes') is ignored when average != 'binary' (got 'weighted'). You may use labels=[pos_label] to specify a single positive class.
  warnings.warn(

2026-09-25 08:42:37,302:WARNING:c:\Users\laboratorio\Desktop\TIAS\PyCaret\.venv\Lib\site-packages\sklearn\metrics\_classification.py:1509: UndefinedMetricWarning: Precision is ill-defined and being set to 0.0 in labels with no predicted samples. Use `zero_division` parameter to control this behavior.
  _warn_prf(average, modifier, f"{metric.capitalize()} is", len(result))

2026-09-25 08:42:37,302:WARNING:c:\Users\laboratorio\Desktop\TIAS\PyCaret\.venv\Lib\site-packages\sklearn\metrics\_classification.py:1561: UserWarning: Note that pos_label (set to 'Yes') is ignored when average != 'binary' (got 'weighted'). You may use labels=[pos_label] to specify a single positive class.
  warnings.warn(

2026-09-25 08:42:37,304:WARNING:c:\Users\laboratorio\Desktop\TIAS\PyCaret\.venv\Lib\site-packages\sklearn\metrics\_classification.py:1561: UserWarning: Note that pos_label (set to 'Yes') is ignored when average != 'binary' (got 'weighted'). You may use labels=[pos_label] to specify a single positive class.
  warnings.warn(

2026-09-25 08:42:37,305:WARNING:c:\Users\laboratorio\Desktop\TIAS\PyCaret\.venv\Lib\site-packages\sklearn\metrics\_classification.py:1561: UserWarning: Note that pos_label (set to 'Yes') is ignored when average != 'binary' (got 'weighted'). You may use labels=[pos_label] to specify a single positive class.
  warnings.warn(

2026-09-25 08:42:37,307:WARNING:c:\Users\laboratorio\Desktop\TIAS\PyCaret\.venv\Lib\site-packages\sklearn\metrics\_classification.py:1561: UserWarning: Note that pos_label (set to 'Yes') is ignored when average != 'binary' (got 'weighted'). You may use labels=[pos_label] to specify a single positive class.
  warnings.warn(

2026-09-25 08:42:37,307:WARNING:c:\Users\laboratorio\Desktop\TIAS\PyCaret\.venv\Lib\site-packages\sklearn\metrics\_classification.py:1561: UserWarning: Note that pos_label (set to 'Yes') is ignored when average != 'binary' (got 'weighted'). You may use labels=[pos_label] to specify a single positive class.
  warnings.warn(

2026-09-25 08:42:37,308:WARNING:c:\Users\laboratorio\Desktop\TIAS\PyCaret\.venv\Lib\site-packages\sklearn\metrics\_classification.py:1509: UndefinedMetricWarning: Precision is ill-defined and being set to 0.0 in labels with no predicted samples. Use `zero_division` parameter to control this behavior.
  _warn_prf(average, modifier, f"{metric.capitalize()} is", len(result))

2026-09-25 08:42:37,308:WARNING:c:\Users\laboratorio\Desktop\TIAS\PyCaret\.venv\Lib\site-packages\sklearn\metrics\_classification.py:1509: UndefinedMetricWarning: Precision is ill-defined and being set to 0.0 in labels with no predicted samples. Use `zero_division` parameter to control this behavior.
  _warn_prf(average, modifier, f"{metric.capitalize()} is", len(result))

2026-09-25 08:42:37,310:WARNING:c:\Users\laboratorio\Desktop\TIAS\PyCaret\.venv\Lib\site-packages\sklearn\metrics\_classification.py:1561: UserWarning: Note that pos_label (set to 'Yes') is ignored when average != 'binary' (got 'weighted'). You may use labels=[pos_label] to specify a single positive class.
  warnings.warn(

2026-09-25 08:42:37,310:WARNING:c:\Users\laboratorio\Desktop\TIAS\PyCaret\.venv\Lib\site-packages\sklearn\metrics\_classification.py:1561: UserWarning: Note that pos_label (set to 'Yes') is ignored when average != 'binary' (got 'weighted'). You may use labels=[pos_label] to specify a single positive class.
  warnings.warn(

2026-09-25 08:42:37,320:INFO:Calculating mean and std
2026-09-25 08:42:37,320:INFO:Creating metrics dataframe
2026-09-25 08:42:37,321:INFO:Uploading results into container
2026-09-25 08:42:37,321:INFO:Uploading model into container now
2026-09-25 08:42:37,321:INFO:_master_model_container: 3
2026-09-25 08:42:37,321:INFO:_display_container: 2
2026-09-25 08:42:37,323:INFO:GaussianNB(priors=None, var_smoothing=1e-09)
2026-09-25 08:42:37,323:INFO:create_model() successfully completed......................................
2026-09-25 08:42:37,374:INFO:SubProcess create_model() end ==================================
2026-09-25 08:42:37,374:INFO:Creating metrics dataframe
2026-09-25 08:42:37,378:INFO:Initializing Decision Tree Classifier
2026-09-25 08:42:37,378:INFO:Total runtime is 0.12251798709233602 minutes
2026-09-25 08:42:37,380:INFO:SubProcess create_model() called ==================================
2026-09-25 08:42:37,380:INFO:Initializing create_model()
2026-09-25 08:42:37,380:INFO:create_model(self=<pycaret.classification.oop.ClassificationExperiment object at 0x000001CB16FA2A50>, estimator=dt, fold=StratifiedKFold(n_splits=10, random_state=None, shuffle=False), round=4, cross_validation=True, predict=True, fit_kwargs={}, groups=None, refit=False, probability_threshold=None, experiment_custom_tags=None, verbose=False, system=False, add_to_model_list=True, metrics=None, display=<pycaret.internal.display.display.CommonDisplay object at 0x000001CB170ECCD0>, model_only=True, return_train_score=False, error_score=0.0, kwargs={})
2026-09-25 08:42:37,380:INFO:Checking exceptions
2026-09-25 08:42:37,380:INFO:Importing libraries
2026-09-25 08:42:37,380:INFO:Copying training dataset
2026-09-25 08:42:37,383:INFO:Defining folds
2026-09-25 08:42:37,383:INFO:Declaring metric variables
2026-09-25 08:42:37,385:INFO:Importing untrained model
2026-09-25 08:42:37,388:INFO:Decision Tree Classifier Imported successfully
2026-09-25 08:42:37,391:INFO:Starting cross validation
2026-09-25 08:42:37,394:INFO:Cross validating with StratifiedKFold(n_splits=10, random_state=None, shuffle=False), n_jobs=-1
2026-09-25 08:42:37,797:WARNING:c:\Users\laboratorio\Desktop\TIAS\PyCaret\.venv\Lib\site-packages\sklearn\metrics\_classification.py:1561: UserWarning: Note that pos_label (set to 'Yes') is ignored when average != 'binary' (got 'weighted'). You may use labels=[pos_label] to specify a single positive class.
  warnings.warn(

2026-09-25 08:42:37,802:WARNING:c:\Users\laboratorio\Desktop\TIAS\PyCaret\.venv\Lib\site-packages\sklearn\metrics\_classification.py:1561: UserWarning: Note that pos_label (set to 'Yes') is ignored when average != 'binary' (got 'weighted'). You may use labels=[pos_label] to specify a single positive class.
  warnings.warn(

2026-09-25 08:42:37,803:WARNING:c:\Users\laboratorio\Desktop\TIAS\PyCaret\.venv\Lib\site-packages\sklearn\metrics\_classification.py:1509: UndefinedMetricWarning: Precision is ill-defined and being set to 0.0 in labels with no predicted samples. Use `zero_division` parameter to control this behavior.
  _warn_prf(average, modifier, f"{metric.capitalize()} is", len(result))

2026-09-25 08:42:37,806:WARNING:c:\Users\laboratorio\Desktop\TIAS\PyCaret\.venv\Lib\site-packages\sklearn\metrics\_classification.py:1561: UserWarning: Note that pos_label (set to 'Yes') is ignored when average != 'binary' (got 'weighted'). You may use labels=[pos_label] to specify a single positive class.
  warnings.warn(

2026-09-25 08:42:37,812:WARNING:c:\Users\laboratorio\Desktop\TIAS\PyCaret\.venv\Lib\site-packages\sklearn\metrics\_classification.py:1561: UserWarning: Note that pos_label (set to 'Yes') is ignored when average != 'binary' (got 'weighted'). You may use labels=[pos_label] to specify a single positive class.
  warnings.warn(

2026-09-25 08:42:37,816:WARNING:c:\Users\laboratorio\Desktop\TIAS\PyCaret\.venv\Lib\site-packages\sklearn\metrics\_classification.py:1561: UserWarning: Note that pos_label (set to 'Yes') is ignored when average != 'binary' (got 'weighted'). You may use labels=[pos_label] to specify a single positive class.
  warnings.warn(

2026-09-25 08:42:37,818:WARNING:c:\Users\laboratorio\Desktop\TIAS\PyCaret\.venv\Lib\site-packages\sklearn\metrics\_classification.py:1509: UndefinedMetricWarning: Precision is ill-defined and being set to 0.0 in labels with no predicted samples. Use `zero_division` parameter to control this behavior.
  _warn_prf(average, modifier, f"{metric.capitalize()} is", len(result))

2026-09-25 08:42:37,818:WARNING:c:\Users\laboratorio\Desktop\TIAS\PyCaret\.venv\Lib\site-packages\sklearn\metrics\_classification.py:1561: UserWarning: Note that pos_label (set to 'Yes') is ignored when average != 'binary' (got 'weighted'). You may use labels=[pos_label] to specify a single positive class.
  warnings.warn(

2026-09-25 08:42:37,819:WARNING:c:\Users\laboratorio\Desktop\TIAS\PyCaret\.venv\Lib\site-packages\sklearn\metrics\_classification.py:1561: UserWarning: Note that pos_label (set to 'Yes') is ignored when average != 'binary' (got 'weighted'). You may use labels=[pos_label] to specify a single positive class.
  warnings.warn(

2026-09-25 08:42:37,822:WARNING:c:\Users\laboratorio\Desktop\TIAS\PyCaret\.venv\Lib\site-packages\sklearn\metrics\_classification.py:1561: UserWarning: Note that pos_label (set to 'Yes') is ignored when average != 'binary' (got 'weighted'). You may use labels=[pos_label] to specify a single positive class.
  warnings.warn(

2026-09-25 08:42:37,822:WARNING:c:\Users\laboratorio\Desktop\TIAS\PyCaret\.venv\Lib\site-packages\sklearn\metrics\_classification.py:1561: UserWarning: Note that pos_label (set to 'Yes') is ignored when average != 'binary' (got 'weighted'). You may use labels=[pos_label] to specify a single positive class.
  warnings.warn(

2026-09-25 08:42:37,822:WARNING:c:\Users\laboratorio\Desktop\TIAS\PyCaret\.venv\Lib\site-packages\sklearn\metrics\_classification.py:1561: UserWarning: Note that pos_label (set to 'Yes') is ignored when average != 'binary' (got 'weighted'). You may use labels=[pos_label] to specify a single positive class.
  warnings.warn(

2026-09-25 08:42:37,823:WARNING:c:\Users\laboratorio\Desktop\TIAS\PyCaret\.venv\Lib\site-packages\sklearn\metrics\_classification.py:1561: UserWarning: Note that pos_label (set to 'Yes') is ignored when average != 'binary' (got 'weighted'). You may use labels=[pos_label] to specify a single positive class.
  warnings.warn(

2026-09-25 08:42:37,825:WARNING:c:\Users\laboratorio\Desktop\TIAS\PyCaret\.venv\Lib\site-packages\sklearn\metrics\_classification.py:1509: UndefinedMetricWarning: Precision is ill-defined and being set to 0.0 in labels with no predicted samples. Use `zero_division` parameter to control this behavior.
  _warn_prf(average, modifier, f"{metric.capitalize()} is", len(result))

2026-09-25 08:42:37,826:WARNING:c:\Users\laboratorio\Desktop\TIAS\PyCaret\.venv\Lib\site-packages\sklearn\metrics\_classification.py:1561: UserWarning: Note that pos_label (set to 'Yes') is ignored when average != 'binary' (got 'weighted'). You may use labels=[pos_label] to specify a single positive class.
  warnings.warn(

2026-09-25 08:42:37,826:WARNING:c:\Users\laboratorio\Desktop\TIAS\PyCaret\.venv\Lib\site-packages\sklearn\metrics\_classification.py:1561: UserWarning: Note that pos_label (set to 'Yes') is ignored when average != 'binary' (got 'weighted'). You may use labels=[pos_label] to specify a single positive class.
  warnings.warn(

2026-09-25 08:42:37,828:WARNING:c:\Users\laboratorio\Desktop\TIAS\PyCaret\.venv\Lib\site-packages\sklearn\metrics\_classification.py:1561: UserWarning: Note that pos_label (set to 'Yes') is ignored when average != 'binary' (got 'weighted'). You may use labels=[pos_label] to specify a single positive class.
  warnings.warn(

2026-09-25 08:42:37,828:WARNING:c:\Users\laboratorio\Desktop\TIAS\PyCaret\.venv\Lib\site-packages\sklearn\metrics\_classification.py:1509: UndefinedMetricWarning: Precision is ill-defined and being set to 0.0 in labels with no predicted samples. Use `zero_division` parameter to control this behavior.
  _warn_prf(average, modifier, f"{metric.capitalize()} is", len(result))

2026-09-25 08:42:37,828:WARNING:c:\Users\laboratorio\Desktop\TIAS\PyCaret\.venv\Lib\site-packages\sklearn\metrics\_classification.py:1561: UserWarning: Note that pos_label (set to 'Yes') is ignored when average != 'binary' (got 'weighted'). You may use labels=[pos_label] to specify a single positive class.
  warnings.warn(

2026-09-25 08:42:37,828:WARNING:c:\Users\laboratorio\Desktop\TIAS\PyCaret\.venv\Lib\site-packages\sklearn\metrics\_classification.py:1561: UserWarning: Note that pos_label (set to 'Yes') is ignored when average != 'binary' (got 'weighted'). You may use labels=[pos_label] to specify a single positive class.
  warnings.warn(

2026-09-25 08:42:37,828:WARNING:c:\Users\laboratorio\Desktop\TIAS\PyCaret\.venv\Lib\site-packages\sklearn\metrics\_classification.py:1509: UndefinedMetricWarning: Precision is ill-defined and being set to 0.0 in labels with no predicted samples. Use `zero_division` parameter to control this behavior.
  _warn_prf(average, modifier, f"{metric.capitalize()} is", len(result))

2026-09-25 08:42:37,829:WARNING:c:\Users\laboratorio\Desktop\TIAS\PyCaret\.venv\Lib\site-packages\sklearn\metrics\_classification.py:1561: UserWarning: Note that pos_label (set to 'Yes') is ignored when average != 'binary' (got 'weighted'). You may use labels=[pos_label] to specify a single positive class.
  warnings.warn(

2026-09-25 08:42:37,829:WARNING:c:\Users\laboratorio\Desktop\TIAS\PyCaret\.venv\Lib\site-packages\sklearn\metrics\_classification.py:1509: UndefinedMetricWarning: Precision is ill-defined and being set to 0.0 in labels with no predicted samples. Use `zero_division` parameter to control this behavior.
  _warn_prf(average, modifier, f"{metric.capitalize()} is", len(result))

2026-09-25 08:42:37,831:WARNING:c:\Users\laboratorio\Desktop\TIAS\PyCaret\.venv\Lib\site-packages\sklearn\metrics\_classification.py:1561: UserWarning: Note that pos_label (set to 'Yes') is ignored when average != 'binary' (got 'weighted'). You may use labels=[pos_label] to specify a single positive class.
  warnings.warn(

2026-09-25 08:42:37,832:WARNING:c:\Users\laboratorio\Desktop\TIAS\PyCaret\.venv\Lib\site-packages\sklearn\metrics\_classification.py:1561: UserWarning: Note that pos_label (set to 'Yes') is ignored when average != 'binary' (got 'weighted'). You may use labels=[pos_label] to specify a single positive class.
  warnings.warn(

2026-09-25 08:42:37,832:WARNING:c:\Users\laboratorio\Desktop\TIAS\PyCaret\.venv\Lib\site-packages\sklearn\metrics\_classification.py:1561: UserWarning: Note that pos_label (set to 'Yes') is ignored when average != 'binary' (got 'weighted'). You may use labels=[pos_label] to specify a single positive class.
  warnings.warn(

2026-09-25 08:42:37,832:WARNING:c:\Users\laboratorio\Desktop\TIAS\PyCaret\.venv\Lib\site-packages\sklearn\metrics\_classification.py:1561: UserWarning: Note that pos_label (set to 'Yes') is ignored when average != 'binary' (got 'weighted'). You may use labels=[pos_label] to specify a single positive class.
  warnings.warn(

2026-09-25 08:42:37,832:WARNING:c:\Users\laboratorio\Desktop\TIAS\PyCaret\.venv\Lib\site-packages\sklearn\metrics\_classification.py:1561: UserWarning: Note that pos_label (set to 'Yes') is ignored when average != 'binary' (got 'weighted'). You may use labels=[pos_label] to specify a single positive class.
  warnings.warn(

2026-09-25 08:42:37,835:WARNING:c:\Users\laboratorio\Desktop\TIAS\PyCaret\.venv\Lib\site-packages\sklearn\metrics\_classification.py:1561: UserWarning: Note that pos_label (set to 'Yes') is ignored when average != 'binary' (got 'weighted'). You may use labels=[pos_label] to specify a single positive class.
  warnings.warn(

2026-09-25 08:42:37,835:WARNING:c:\Users\laboratorio\Desktop\TIAS\PyCaret\.venv\Lib\site-packages\sklearn\metrics\_classification.py:1509: UndefinedMetricWarning: Precision is ill-defined and being set to 0.0 in labels with no predicted samples. Use `zero_division` parameter to control this behavior.
  _warn_prf(average, modifier, f"{metric.capitalize()} is", len(result))

2026-09-25 08:42:37,835:WARNING:c:\Users\laboratorio\Desktop\TIAS\PyCaret\.venv\Lib\site-packages\sklearn\metrics\_classification.py:1561: UserWarning: Note that pos_label (set to 'Yes') is ignored when average != 'binary' (got 'weighted'). You may use labels=[pos_label] to specify a single positive class.
  warnings.warn(

2026-09-25 08:42:37,835:WARNING:c:\Users\laboratorio\Desktop\TIAS\PyCaret\.venv\Lib\site-packages\sklearn\metrics\_classification.py:1561: UserWarning: Note that pos_label (set to 'Yes') is ignored when average != 'binary' (got 'weighted'). You may use labels=[pos_label] to specify a single positive class.
  warnings.warn(

2026-09-25 08:42:37,836:WARNING:c:\Users\laboratorio\Desktop\TIAS\PyCaret\.venv\Lib\site-packages\sklearn\metrics\_classification.py:1561: UserWarning: Note that pos_label (set to 'Yes') is ignored when average != 'binary' (got 'weighted'). You may use labels=[pos_label] to specify a single positive class.
  warnings.warn(

2026-09-25 08:42:37,836:WARNING:c:\Users\laboratorio\Desktop\TIAS\PyCaret\.venv\Lib\site-packages\sklearn\metrics\_classification.py:1509: UndefinedMetricWarning: Precision is ill-defined and being set to 0.0 in labels with no predicted samples. Use `zero_division` parameter to control this behavior.
  _warn_prf(average, modifier, f"{metric.capitalize()} is", len(result))

2026-09-25 08:42:37,836:WARNING:c:\Users\laboratorio\Desktop\TIAS\PyCaret\.venv\Lib\site-packages\sklearn\metrics\_classification.py:1561: UserWarning: Note that pos_label (set to 'Yes') is ignored when average != 'binary' (got 'weighted'). You may use labels=[pos_label] to specify a single positive class.
  warnings.warn(

2026-09-25 08:42:37,838:WARNING:c:\Users\laboratorio\Desktop\TIAS\PyCaret\.venv\Lib\site-packages\sklearn\metrics\_classification.py:1509: UndefinedMetricWarning: Precision is ill-defined and being set to 0.0 in labels with no predicted samples. Use `zero_division` parameter to control this behavior.
  _warn_prf(average, modifier, f"{metric.capitalize()} is", len(result))

2026-09-25 08:42:37,838:WARNING:c:\Users\laboratorio\Desktop\TIAS\PyCaret\.venv\Lib\site-packages\sklearn\metrics\_classification.py:1561: UserWarning: Note that pos_label (set to 'Yes') is ignored when average != 'binary' (got 'weighted'). You may use labels=[pos_label] to specify a single positive class.
  warnings.warn(

2026-09-25 08:42:37,838:WARNING:c:\Users\laboratorio\Desktop\TIAS\PyCaret\.venv\Lib\site-packages\sklearn\metrics\_classification.py:1509: UndefinedMetricWarning: Precision is ill-defined and being set to 0.0 in labels with no predicted samples. Use `zero_division` parameter to control this behavior.
  _warn_prf(average, modifier, f"{metric.capitalize()} is", len(result))

2026-09-25 08:42:37,839:WARNING:c:\Users\laboratorio\Desktop\TIAS\PyCaret\.venv\Lib\site-packages\sklearn\metrics\_classification.py:1561: UserWarning: Note that pos_label (set to 'Yes') is ignored when average != 'binary' (got 'weighted'). You may use labels=[pos_label] to specify a single positive class.
  warnings.warn(

2026-09-25 08:42:37,839:WARNING:c:\Users\laboratorio\Desktop\TIAS\PyCaret\.venv\Lib\site-packages\sklearn\metrics\_classification.py:1561: UserWarning: Note that pos_label (set to 'Yes') is ignored when average != 'binary' (got 'weighted'). You may use labels=[pos_label] to specify a single positive class.
  warnings.warn(

2026-09-25 08:42:37,854:INFO:Calculating mean and std
2026-09-25 08:42:37,854:INFO:Creating metrics dataframe
2026-09-25 08:42:37,856:INFO:Uploading results into container
2026-09-25 08:42:37,856:INFO:Uploading model into container now
2026-09-25 08:42:37,856:INFO:_master_model_container: 4
2026-09-25 08:42:37,856:INFO:_display_container: 2
2026-09-25 08:42:37,856:INFO:DecisionTreeClassifier(ccp_alpha=0.0, class_weight=None, criterion='gini',
                       max_depth=None, max_features=None, max_leaf_nodes=None,
                       min_impurity_decrease=0.0, min_samples_leaf=1,
                       min_samples_split=2, min_weight_fraction_leaf=0.0,
                       monotonic_cst=None, random_state=123, splitter='best')
2026-09-25 08:42:37,856:INFO:create_model() successfully completed......................................
2026-09-25 08:42:37,908:INFO:SubProcess create_model() end ==================================
2026-09-25 08:42:37,908:INFO:Creating metrics dataframe
2026-09-25 08:42:37,912:INFO:Initializing SVM - Linear Kernel
2026-09-25 08:42:37,912:INFO:Total runtime is 0.131411874294281 minutes
2026-09-25 08:42:37,913:INFO:SubProcess create_model() called ==================================
2026-09-25 08:42:37,915:INFO:Initializing create_model()
2026-09-25 08:42:37,915:INFO:create_model(self=<pycaret.classification.oop.ClassificationExperiment object at 0x000001CB16FA2A50>, estimator=svm, fold=StratifiedKFold(n_splits=10, random_state=None, shuffle=False), round=4, cross_validation=True, predict=True, fit_kwargs={}, groups=None, refit=False, probability_threshold=None, experiment_custom_tags=None, verbose=False, system=False, add_to_model_list=True, metrics=None, display=<pycaret.internal.display.display.CommonDisplay object at 0x000001CB170ECCD0>, model_only=True, return_train_score=False, error_score=0.0, kwargs={})
2026-09-25 08:42:37,915:INFO:Checking exceptions
2026-09-25 08:42:37,915:INFO:Importing libraries
2026-09-25 08:42:37,915:INFO:Copying training dataset
2026-09-25 08:42:37,920:INFO:Defining folds
2026-09-25 08:42:37,920:INFO:Declaring metric variables
2026-09-25 08:42:37,924:INFO:Importing untrained model
2026-09-25 08:42:37,930:INFO:SVM - Linear Kernel Imported successfully
2026-09-25 08:42:37,935:INFO:Starting cross validation
2026-09-25 08:42:37,938:INFO:Cross validating with StratifiedKFold(n_splits=10, random_state=None, shuffle=False), n_jobs=-1
2026-09-25 08:42:38,469:WARNING:c:\Users\laboratorio\Desktop\TIAS\PyCaret\.venv\Lib\site-packages\sklearn\metrics\_classification.py:1561: UserWarning: Note that pos_label (set to 'Yes') is ignored when average != 'binary' (got 'weighted'). You may use labels=[pos_label] to specify a single positive class.
  warnings.warn(

2026-09-25 08:42:38,473:WARNING:c:\Users\laboratorio\Desktop\TIAS\PyCaret\.venv\Lib\site-packages\sklearn\metrics\_classification.py:1561: UserWarning: Note that pos_label (set to 'Yes') is ignored when average != 'binary' (got 'weighted'). You may use labels=[pos_label] to specify a single positive class.
  warnings.warn(

2026-09-25 08:42:38,475:WARNING:c:\Users\laboratorio\Desktop\TIAS\PyCaret\.venv\Lib\site-packages\sklearn\metrics\_classification.py:1561: UserWarning: Note that pos_label (set to 'Yes') is ignored when average != 'binary' (got 'weighted'). You may use labels=[pos_label] to specify a single positive class.
  warnings.warn(

2026-09-25 08:42:38,475:WARNING:c:\Users\laboratorio\Desktop\TIAS\PyCaret\.venv\Lib\site-packages\sklearn\metrics\_classification.py:1561: UserWarning: Note that pos_label (set to 'Yes') is ignored when average != 'binary' (got 'weighted'). You may use labels=[pos_label] to specify a single positive class.
  warnings.warn(

2026-09-25 08:42:38,478:WARNING:c:\Users\laboratorio\Desktop\TIAS\PyCaret\.venv\Lib\site-packages\sklearn\metrics\_classification.py:1561: UserWarning: Note that pos_label (set to 'Yes') is ignored when average != 'binary' (got 'weighted'). You may use labels=[pos_label] to specify a single positive class.
  warnings.warn(

2026-09-25 08:42:38,479:WARNING:c:\Users\laboratorio\Desktop\TIAS\PyCaret\.venv\Lib\site-packages\sklearn\metrics\_classification.py:1561: UserWarning: Note that pos_label (set to 'Yes') is ignored when average != 'binary' (got 'weighted'). You may use labels=[pos_label] to specify a single positive class.
  warnings.warn(

2026-09-25 08:42:38,479:WARNING:c:\Users\laboratorio\Desktop\TIAS\PyCaret\.venv\Lib\site-packages\sklearn\metrics\_classification.py:1561: UserWarning: Note that pos_label (set to 'Yes') is ignored when average != 'binary' (got 'weighted'). You may use labels=[pos_label] to specify a single positive class.
  warnings.warn(

2026-09-25 08:42:38,484:WARNING:c:\Users\laboratorio\Desktop\TIAS\PyCaret\.venv\Lib\site-packages\sklearn\metrics\_classification.py:1561: UserWarning: Note that pos_label (set to 'Yes') is ignored when average != 'binary' (got 'weighted'). You may use labels=[pos_label] to specify a single positive class.
  warnings.warn(

2026-09-25 08:42:38,485:WARNING:c:\Users\laboratorio\Desktop\TIAS\PyCaret\.venv\Lib\site-packages\sklearn\metrics\_classification.py:1561: UserWarning: Note that pos_label (set to 'Yes') is ignored when average != 'binary' (got 'weighted'). You may use labels=[pos_label] to specify a single positive class.
  warnings.warn(

2026-09-25 08:42:38,493:WARNING:c:\Users\laboratorio\Desktop\TIAS\PyCaret\.venv\Lib\site-packages\sklearn\metrics\_classification.py:1561: UserWarning: Note that pos_label (set to 'Yes') is ignored when average != 'binary' (got 'weighted'). You may use labels=[pos_label] to specify a single positive class.
  warnings.warn(

2026-09-25 08:42:38,495:WARNING:c:\Users\laboratorio\Desktop\TIAS\PyCaret\.venv\Lib\site-packages\sklearn\metrics\_classification.py:1561: UserWarning: Note that pos_label (set to 'Yes') is ignored when average != 'binary' (got 'weighted'). You may use labels=[pos_label] to specify a single positive class.
  warnings.warn(

2026-09-25 08:42:38,499:WARNING:c:\Users\laboratorio\Desktop\TIAS\PyCaret\.venv\Lib\site-packages\sklearn\metrics\_classification.py:1561: UserWarning: Note that pos_label (set to 'Yes') is ignored when average != 'binary' (got 'weighted'). You may use labels=[pos_label] to specify a single positive class.
  warnings.warn(

2026-09-25 08:42:38,499:WARNING:c:\Users\laboratorio\Desktop\TIAS\PyCaret\.venv\Lib\site-packages\sklearn\metrics\_classification.py:1561: UserWarning: Note that pos_label (set to 'Yes') is ignored when average != 'binary' (got 'weighted'). You may use labels=[pos_label] to specify a single positive class.
  warnings.warn(

2026-09-25 08:42:38,502:WARNING:c:\Users\laboratorio\Desktop\TIAS\PyCaret\.venv\Lib\site-packages\sklearn\metrics\_classification.py:1561: UserWarning: Note that pos_label (set to 'Yes') is ignored when average != 'binary' (got 'weighted'). You may use labels=[pos_label] to specify a single positive class.
  warnings.warn(

2026-09-25 08:42:38,503:WARNING:c:\Users\laboratorio\Desktop\TIAS\PyCaret\.venv\Lib\site-packages\sklearn\metrics\_classification.py:1561: UserWarning: Note that pos_label (set to 'Yes') is ignored when average != 'binary' (got 'weighted'). You may use labels=[pos_label] to specify a single positive class.
  warnings.warn(

2026-09-25 08:42:38,504:WARNING:c:\Users\laboratorio\Desktop\TIAS\PyCaret\.venv\Lib\site-packages\sklearn\metrics\_classification.py:1561: UserWarning: Note that pos_label (set to 'Yes') is ignored when average != 'binary' (got 'weighted'). You may use labels=[pos_label] to specify a single positive class.
  warnings.warn(

2026-09-25 08:42:38,506:WARNING:c:\Users\laboratorio\Desktop\TIAS\PyCaret\.venv\Lib\site-packages\sklearn\metrics\_classification.py:1561: UserWarning: Note that pos_label (set to 'Yes') is ignored when average != 'binary' (got 'weighted'). You may use labels=[pos_label] to specify a single positive class.
  warnings.warn(

2026-09-25 08:42:38,506:WARNING:c:\Users\laboratorio\Desktop\TIAS\PyCaret\.venv\Lib\site-packages\sklearn\metrics\_classification.py:1561: UserWarning: Note that pos_label (set to 'Yes') is ignored when average != 'binary' (got 'weighted'). You may use labels=[pos_label] to specify a single positive class.
  warnings.warn(

2026-09-25 08:42:38,506:WARNING:c:\Users\laboratorio\Desktop\TIAS\PyCaret\.venv\Lib\site-packages\sklearn\metrics\_classification.py:1561: UserWarning: Note that pos_label (set to 'Yes') is ignored when average != 'binary' (got 'weighted'). You may use labels=[pos_label] to specify a single positive class.
  warnings.warn(

2026-09-25 08:42:38,507:WARNING:c:\Users\laboratorio\Desktop\TIAS\PyCaret\.venv\Lib\site-packages\sklearn\metrics\_classification.py:1509: UndefinedMetricWarning: Precision is ill-defined and being set to 0.0 in labels with no predicted samples. Use `zero_division` parameter to control this behavior.
  _warn_prf(average, modifier, f"{metric.capitalize()} is", len(result))

2026-09-25 08:42:38,507:WARNING:c:\Users\laboratorio\Desktop\TIAS\PyCaret\.venv\Lib\site-packages\sklearn\metrics\_classification.py:1561: UserWarning: Note that pos_label (set to 'Yes') is ignored when average != 'binary' (got 'weighted'). You may use labels=[pos_label] to specify a single positive class.
  warnings.warn(

2026-09-25 08:42:38,509:WARNING:c:\Users\laboratorio\Desktop\TIAS\PyCaret\.venv\Lib\site-packages\sklearn\metrics\_classification.py:1561: UserWarning: Note that pos_label (set to 'Yes') is ignored when average != 'binary' (got 'weighted'). You may use labels=[pos_label] to specify a single positive class.
  warnings.warn(

2026-09-25 08:42:38,511:WARNING:c:\Users\laboratorio\Desktop\TIAS\PyCaret\.venv\Lib\site-packages\sklearn\metrics\_classification.py:1561: UserWarning: Note that pos_label (set to 'Yes') is ignored when average != 'binary' (got 'weighted'). You may use labels=[pos_label] to specify a single positive class.
  warnings.warn(

2026-09-25 08:42:38,511:WARNING:c:\Users\laboratorio\Desktop\TIAS\PyCaret\.venv\Lib\site-packages\sklearn\metrics\_classification.py:1561: UserWarning: Note that pos_label (set to 'Yes') is ignored when average != 'binary' (got 'weighted'). You may use labels=[pos_label] to specify a single positive class.
  warnings.warn(

2026-09-25 08:42:38,513:WARNING:c:\Users\laboratorio\Desktop\TIAS\PyCaret\.venv\Lib\site-packages\sklearn\metrics\_classification.py:1561: UserWarning: Note that pos_label (set to 'Yes') is ignored when average != 'binary' (got 'weighted'). You may use labels=[pos_label] to specify a single positive class.
  warnings.warn(

2026-09-25 08:42:38,516:WARNING:c:\Users\laboratorio\Desktop\TIAS\PyCaret\.venv\Lib\site-packages\sklearn\metrics\_classification.py:1561: UserWarning: Note that pos_label (set to 'Yes') is ignored when average != 'binary' (got 'weighted'). You may use labels=[pos_label] to specify a single positive class.
  warnings.warn(

2026-09-25 08:42:38,516:WARNING:c:\Users\laboratorio\Desktop\TIAS\PyCaret\.venv\Lib\site-packages\sklearn\metrics\_classification.py:1561: UserWarning: Note that pos_label (set to 'Yes') is ignored when average != 'binary' (got 'weighted'). You may use labels=[pos_label] to specify a single positive class.
  warnings.warn(

2026-09-25 08:42:38,517:WARNING:c:\Users\laboratorio\Desktop\TIAS\PyCaret\.venv\Lib\site-packages\sklearn\metrics\_classification.py:1561: UserWarning: Note that pos_label (set to 'Yes') is ignored when average != 'binary' (got 'weighted'). You may use labels=[pos_label] to specify a single positive class.
  warnings.warn(

2026-09-25 08:42:38,522:WARNING:c:\Users\laboratorio\Desktop\TIAS\PyCaret\.venv\Lib\site-packages\sklearn\metrics\_classification.py:1561: UserWarning: Note that pos_label (set to 'Yes') is ignored when average != 'binary' (got 'weighted'). You may use labels=[pos_label] to specify a single positive class.
  warnings.warn(

2026-09-25 08:42:38,525:WARNING:c:\Users\laboratorio\Desktop\TIAS\PyCaret\.venv\Lib\site-packages\sklearn\metrics\_classification.py:1561: UserWarning: Note that pos_label (set to 'Yes') is ignored when average != 'binary' (got 'weighted'). You may use labels=[pos_label] to specify a single positive class.
  warnings.warn(

2026-09-25 08:42:38,528:WARNING:c:\Users\laboratorio\Desktop\TIAS\PyCaret\.venv\Lib\site-packages\sklearn\metrics\_classification.py:1561: UserWarning: Note that pos_label (set to 'Yes') is ignored when average != 'binary' (got 'weighted'). You may use labels=[pos_label] to specify a single positive class.
  warnings.warn(

2026-09-25 08:42:38,539:INFO:Calculating mean and std
2026-09-25 08:42:38,539:INFO:Creating metrics dataframe
2026-09-25 08:42:38,541:INFO:Uploading results into container
2026-09-25 08:42:38,542:INFO:Uploading model into container now
2026-09-25 08:42:38,542:INFO:_master_model_container: 5
2026-09-25 08:42:38,543:INFO:_display_container: 2
2026-09-25 08:42:38,543:INFO:SGDClassifier(alpha=0.0001, average=False, class_weight=None,
              early_stopping=False, epsilon=0.1, eta0=0.001, fit_intercept=True,
              l1_ratio=0.15, learning_rate='optimal', loss='hinge',
              max_iter=1000, n_iter_no_change=5, n_jobs=-1, penalty='l2',
              power_t=0.5, random_state=123, shuffle=True, tol=0.001,
              validation_fraction=0.1, verbose=0, warm_start=False)
2026-09-25 08:42:38,543:INFO:create_model() successfully completed......................................
2026-09-25 08:42:38,600:INFO:SubProcess create_model() end ==================================
2026-09-25 08:42:38,600:INFO:Creating metrics dataframe
2026-09-25 08:42:38,604:INFO:Initializing Ridge Classifier
2026-09-25 08:42:38,604:INFO:Total runtime is 0.14294203519821166 minutes
2026-09-25 08:42:38,607:INFO:SubProcess create_model() called ==================================
2026-09-25 08:42:38,607:INFO:Initializing create_model()
2026-09-25 08:42:38,607:INFO:create_model(self=<pycaret.classification.oop.ClassificationExperiment object at 0x000001CB16FA2A50>, estimator=ridge, fold=StratifiedKFold(n_splits=10, random_state=None, shuffle=False), round=4, cross_validation=True, predict=True, fit_kwargs={}, groups=None, refit=False, probability_threshold=None, experiment_custom_tags=None, verbose=False, system=False, add_to_model_list=True, metrics=None, display=<pycaret.internal.display.display.CommonDisplay object at 0x000001CB170ECCD0>, model_only=True, return_train_score=False, error_score=0.0, kwargs={})
2026-09-25 08:42:38,607:INFO:Checking exceptions
2026-09-25 08:42:38,607:INFO:Importing libraries
2026-09-25 08:42:38,607:INFO:Copying training dataset
2026-09-25 08:42:38,612:INFO:Defining folds
2026-09-25 08:42:38,612:INFO:Declaring metric variables
2026-09-25 08:42:38,613:INFO:Importing untrained model
2026-09-25 08:42:38,615:INFO:Ridge Classifier Imported successfully
2026-09-25 08:42:38,620:INFO:Starting cross validation
2026-09-25 08:42:38,622:INFO:Cross validating with StratifiedKFold(n_splits=10, random_state=None, shuffle=False), n_jobs=-1
2026-09-25 08:42:39,038:WARNING:c:\Users\laboratorio\Desktop\TIAS\PyCaret\.venv\Lib\site-packages\sklearn\metrics\_classification.py:1561: UserWarning: Note that pos_label (set to 'Yes') is ignored when average != 'binary' (got 'weighted'). You may use labels=[pos_label] to specify a single positive class.
  warnings.warn(

2026-09-25 08:42:39,044:WARNING:c:\Users\laboratorio\Desktop\TIAS\PyCaret\.venv\Lib\site-packages\sklearn\metrics\_classification.py:1561: UserWarning: Note that pos_label (set to 'Yes') is ignored when average != 'binary' (got 'weighted'). You may use labels=[pos_label] to specify a single positive class.
  warnings.warn(

2026-09-25 08:42:39,048:WARNING:c:\Users\laboratorio\Desktop\TIAS\PyCaret\.venv\Lib\site-packages\sklearn\metrics\_classification.py:1561: UserWarning: Note that pos_label (set to 'Yes') is ignored when average != 'binary' (got 'weighted'). You may use labels=[pos_label] to specify a single positive class.
  warnings.warn(

2026-09-25 08:42:39,062:WARNING:c:\Users\laboratorio\Desktop\TIAS\PyCaret\.venv\Lib\site-packages\sklearn\metrics\_classification.py:1561: UserWarning: Note that pos_label (set to 'Yes') is ignored when average != 'binary' (got 'weighted'). You may use labels=[pos_label] to specify a single positive class.
  warnings.warn(

2026-09-25 08:42:39,063:WARNING:c:\Users\laboratorio\Desktop\TIAS\PyCaret\.venv\Lib\site-packages\sklearn\metrics\_classification.py:1561: UserWarning: Note that pos_label (set to 'Yes') is ignored when average != 'binary' (got 'weighted'). You may use labels=[pos_label] to specify a single positive class.
  warnings.warn(

2026-09-25 08:42:39,066:WARNING:c:\Users\laboratorio\Desktop\TIAS\PyCaret\.venv\Lib\site-packages\sklearn\metrics\_classification.py:1561: UserWarning: Note that pos_label (set to 'Yes') is ignored when average != 'binary' (got 'weighted'). You may use labels=[pos_label] to specify a single positive class.
  warnings.warn(

2026-09-25 08:42:39,066:WARNING:c:\Users\laboratorio\Desktop\TIAS\PyCaret\.venv\Lib\site-packages\sklearn\metrics\_classification.py:1561: UserWarning: Note that pos_label (set to 'Yes') is ignored when average != 'binary' (got 'weighted'). You may use labels=[pos_label] to specify a single positive class.
  warnings.warn(

2026-09-25 08:42:39,067:WARNING:c:\Users\laboratorio\Desktop\TIAS\PyCaret\.venv\Lib\site-packages\sklearn\metrics\_classification.py:1561: UserWarning: Note that pos_label (set to 'Yes') is ignored when average != 'binary' (got 'weighted'). You may use labels=[pos_label] to specify a single positive class.
  warnings.warn(

2026-09-25 08:42:39,069:WARNING:c:\Users\laboratorio\Desktop\TIAS\PyCaret\.venv\Lib\site-packages\sklearn\metrics\_classification.py:1561: UserWarning: Note that pos_label (set to 'Yes') is ignored when average != 'binary' (got 'weighted'). You may use labels=[pos_label] to specify a single positive class.
  warnings.warn(

2026-09-25 08:42:39,069:WARNING:c:\Users\laboratorio\Desktop\TIAS\PyCaret\.venv\Lib\site-packages\sklearn\metrics\_classification.py:1561: UserWarning: Note that pos_label (set to 'Yes') is ignored when average != 'binary' (got 'weighted'). You may use labels=[pos_label] to specify a single positive class.
  warnings.warn(

2026-09-25 08:42:39,069:WARNING:c:\Users\laboratorio\Desktop\TIAS\PyCaret\.venv\Lib\site-packages\sklearn\metrics\_classification.py:1561: UserWarning: Note that pos_label (set to 'Yes') is ignored when average != 'binary' (got 'weighted'). You may use labels=[pos_label] to specify a single positive class.
  warnings.warn(

2026-09-25 08:42:39,070:WARNING:c:\Users\laboratorio\Desktop\TIAS\PyCaret\.venv\Lib\site-packages\sklearn\metrics\_classification.py:1561: UserWarning: Note that pos_label (set to 'Yes') is ignored when average != 'binary' (got 'weighted'). You may use labels=[pos_label] to specify a single positive class.
  warnings.warn(

2026-09-25 08:42:39,070:WARNING:c:\Users\laboratorio\Desktop\TIAS\PyCaret\.venv\Lib\site-packages\sklearn\metrics\_classification.py:1561: UserWarning: Note that pos_label (set to 'Yes') is ignored when average != 'binary' (got 'weighted'). You may use labels=[pos_label] to specify a single positive class.
  warnings.warn(

2026-09-25 08:42:39,072:WARNING:c:\Users\laboratorio\Desktop\TIAS\PyCaret\.venv\Lib\site-packages\sklearn\metrics\_classification.py:1561: UserWarning: Note that pos_label (set to 'Yes') is ignored when average != 'binary' (got 'weighted'). You may use labels=[pos_label] to specify a single positive class.
  warnings.warn(

2026-09-25 08:42:39,072:WARNING:c:\Users\laboratorio\Desktop\TIAS\PyCaret\.venv\Lib\site-packages\sklearn\metrics\_classification.py:1561: UserWarning: Note that pos_label (set to 'Yes') is ignored when average != 'binary' (got 'weighted'). You may use labels=[pos_label] to specify a single positive class.
  warnings.warn(

2026-09-25 08:42:39,072:WARNING:c:\Users\laboratorio\Desktop\TIAS\PyCaret\.venv\Lib\site-packages\sklearn\metrics\_classification.py:1561: UserWarning: Note that pos_label (set to 'Yes') is ignored when average != 'binary' (got 'weighted'). You may use labels=[pos_label] to specify a single positive class.
  warnings.warn(

2026-09-25 08:42:39,072:WARNING:c:\Users\laboratorio\Desktop\TIAS\PyCaret\.venv\Lib\site-packages\sklearn\metrics\_classification.py:1561: UserWarning: Note that pos_label (set to 'Yes') is ignored when average != 'binary' (got 'weighted'). You may use labels=[pos_label] to specify a single positive class.
  warnings.warn(

2026-09-25 08:42:39,072:WARNING:c:\Users\laboratorio\Desktop\TIAS\PyCaret\.venv\Lib\site-packages\sklearn\metrics\_classification.py:1561: UserWarning: Note that pos_label (set to 'Yes') is ignored when average != 'binary' (got 'weighted'). You may use labels=[pos_label] to specify a single positive class.
  warnings.warn(

2026-09-25 08:42:39,075:WARNING:c:\Users\laboratorio\Desktop\TIAS\PyCaret\.venv\Lib\site-packages\sklearn\metrics\_classification.py:1561: UserWarning: Note that pos_label (set to 'Yes') is ignored when average != 'binary' (got 'weighted'). You may use labels=[pos_label] to specify a single positive class.
  warnings.warn(

2026-09-25 08:42:39,075:WARNING:c:\Users\laboratorio\Desktop\TIAS\PyCaret\.venv\Lib\site-packages\sklearn\metrics\_classification.py:1561: UserWarning: Note that pos_label (set to 'Yes') is ignored when average != 'binary' (got 'weighted'). You may use labels=[pos_label] to specify a single positive class.
  warnings.warn(

2026-09-25 08:42:39,075:WARNING:c:\Users\laboratorio\Desktop\TIAS\PyCaret\.venv\Lib\site-packages\sklearn\metrics\_classification.py:1561: UserWarning: Note that pos_label (set to 'Yes') is ignored when average != 'binary' (got 'weighted'). You may use labels=[pos_label] to specify a single positive class.
  warnings.warn(

2026-09-25 08:42:39,077:WARNING:c:\Users\laboratorio\Desktop\TIAS\PyCaret\.venv\Lib\site-packages\sklearn\metrics\_classification.py:1561: UserWarning: Note that pos_label (set to 'Yes') is ignored when average != 'binary' (got 'weighted'). You may use labels=[pos_label] to specify a single positive class.
  warnings.warn(

2026-09-25 08:42:39,079:WARNING:c:\Users\laboratorio\Desktop\TIAS\PyCaret\.venv\Lib\site-packages\sklearn\metrics\_classification.py:1561: UserWarning: Note that pos_label (set to 'Yes') is ignored when average != 'binary' (got 'weighted'). You may use labels=[pos_label] to specify a single positive class.
  warnings.warn(

2026-09-25 08:42:39,079:WARNING:c:\Users\laboratorio\Desktop\TIAS\PyCaret\.venv\Lib\site-packages\sklearn\metrics\_classification.py:1561: UserWarning: Note that pos_label (set to 'Yes') is ignored when average != 'binary' (got 'weighted'). You may use labels=[pos_label] to specify a single positive class.
  warnings.warn(

2026-09-25 08:42:39,082:WARNING:c:\Users\laboratorio\Desktop\TIAS\PyCaret\.venv\Lib\site-packages\sklearn\metrics\_classification.py:1561: UserWarning: Note that pos_label (set to 'Yes') is ignored when average != 'binary' (got 'weighted'). You may use labels=[pos_label] to specify a single positive class.
  warnings.warn(

2026-09-25 08:42:39,082:WARNING:c:\Users\laboratorio\Desktop\TIAS\PyCaret\.venv\Lib\site-packages\sklearn\metrics\_classification.py:1561: UserWarning: Note that pos_label (set to 'Yes') is ignored when average != 'binary' (got 'weighted'). You may use labels=[pos_label] to specify a single positive class.
  warnings.warn(

2026-09-25 08:42:39,083:WARNING:c:\Users\laboratorio\Desktop\TIAS\PyCaret\.venv\Lib\site-packages\sklearn\metrics\_classification.py:1561: UserWarning: Note that pos_label (set to 'Yes') is ignored when average != 'binary' (got 'weighted'). You may use labels=[pos_label] to specify a single positive class.
  warnings.warn(

2026-09-25 08:42:39,089:WARNING:c:\Users\laboratorio\Desktop\TIAS\PyCaret\.venv\Lib\site-packages\sklearn\metrics\_classification.py:1561: UserWarning: Note that pos_label (set to 'Yes') is ignored when average != 'binary' (got 'weighted'). You may use labels=[pos_label] to specify a single positive class.
  warnings.warn(

2026-09-25 08:42:39,092:WARNING:c:\Users\laboratorio\Desktop\TIAS\PyCaret\.venv\Lib\site-packages\sklearn\metrics\_classification.py:1561: UserWarning: Note that pos_label (set to 'Yes') is ignored when average != 'binary' (got 'weighted'). You may use labels=[pos_label] to specify a single positive class.
  warnings.warn(

2026-09-25 08:42:39,094:WARNING:c:\Users\laboratorio\Desktop\TIAS\PyCaret\.venv\Lib\site-packages\sklearn\metrics\_classification.py:1561: UserWarning: Note that pos_label (set to 'Yes') is ignored when average != 'binary' (got 'weighted'). You may use labels=[pos_label] to specify a single positive class.
  warnings.warn(

2026-09-25 08:42:39,106:INFO:Calculating mean and std
2026-09-25 08:42:39,106:INFO:Creating metrics dataframe
2026-09-25 08:42:39,108:INFO:Uploading results into container
2026-09-25 08:42:39,109:INFO:Uploading model into container now
2026-09-25 08:42:39,109:INFO:_master_model_container: 6
2026-09-25 08:42:39,109:INFO:_display_container: 2
2026-09-25 08:42:39,109:INFO:RidgeClassifier(alpha=1.0, class_weight=None, copy_X=True, fit_intercept=True,
                max_iter=None, positive=False, random_state=123, solver='auto',
                tol=0.0001)
2026-09-25 08:42:39,109:INFO:create_model() successfully completed......................................
2026-09-25 08:42:39,166:INFO:SubProcess create_model() end ==================================
2026-09-25 08:42:39,166:INFO:Creating metrics dataframe
2026-09-25 08:42:39,169:INFO:Initializing Random Forest Classifier
2026-09-25 08:42:39,169:INFO:Total runtime is 0.15237074693044025 minutes
2026-09-25 08:42:39,172:INFO:SubProcess create_model() called ==================================
2026-09-25 08:42:39,172:INFO:Initializing create_model()
2026-09-25 08:42:39,172:INFO:create_model(self=<pycaret.classification.oop.ClassificationExperiment object at 0x000001CB16FA2A50>, estimator=rf, fold=StratifiedKFold(n_splits=10, random_state=None, shuffle=False), round=4, cross_validation=True, predict=True, fit_kwargs={}, groups=None, refit=False, probability_threshold=None, experiment_custom_tags=None, verbose=False, system=False, add_to_model_list=True, metrics=None, display=<pycaret.internal.display.display.CommonDisplay object at 0x000001CB170ECCD0>, model_only=True, return_train_score=False, error_score=0.0, kwargs={})
2026-09-25 08:42:39,172:INFO:Checking exceptions
2026-09-25 08:42:39,172:INFO:Importing libraries
2026-09-25 08:42:39,172:INFO:Copying training dataset
2026-09-25 08:42:39,177:INFO:Defining folds
2026-09-25 08:42:39,177:INFO:Declaring metric variables
2026-09-25 08:42:39,180:INFO:Importing untrained model
2026-09-25 08:42:39,182:INFO:Random Forest Classifier Imported successfully
2026-09-25 08:42:39,185:INFO:Starting cross validation
2026-09-25 08:42:39,186:INFO:Cross validating with StratifiedKFold(n_splits=10, random_state=None, shuffle=False), n_jobs=-1
2026-09-25 08:42:39,876:WARNING:c:\Users\laboratorio\Desktop\TIAS\PyCaret\.venv\Lib\site-packages\sklearn\metrics\_classification.py:1561: UserWarning: Note that pos_label (set to 'Yes') is ignored when average != 'binary' (got 'weighted'). You may use labels=[pos_label] to specify a single positive class.
  warnings.warn(

2026-09-25 08:42:39,882:WARNING:c:\Users\laboratorio\Desktop\TIAS\PyCaret\.venv\Lib\site-packages\sklearn\metrics\_classification.py:1561: UserWarning: Note that pos_label (set to 'Yes') is ignored when average != 'binary' (got 'weighted'). You may use labels=[pos_label] to specify a single positive class.
  warnings.warn(

2026-09-25 08:42:39,883:WARNING:c:\Users\laboratorio\Desktop\TIAS\PyCaret\.venv\Lib\site-packages\sklearn\metrics\_classification.py:1509: UndefinedMetricWarning: Precision is ill-defined and being set to 0.0 in labels with no predicted samples. Use `zero_division` parameter to control this behavior.
  _warn_prf(average, modifier, f"{metric.capitalize()} is", len(result))

2026-09-25 08:42:39,885:WARNING:c:\Users\laboratorio\Desktop\TIAS\PyCaret\.venv\Lib\site-packages\sklearn\metrics\_classification.py:1561: UserWarning: Note that pos_label (set to 'Yes') is ignored when average != 'binary' (got 'weighted'). You may use labels=[pos_label] to specify a single positive class.
  warnings.warn(

2026-09-25 08:42:39,895:WARNING:c:\Users\laboratorio\Desktop\TIAS\PyCaret\.venv\Lib\site-packages\sklearn\metrics\_classification.py:1561: UserWarning: Note that pos_label (set to 'Yes') is ignored when average != 'binary' (got 'weighted'). You may use labels=[pos_label] to specify a single positive class.
  warnings.warn(

2026-09-25 08:42:39,899:WARNING:c:\Users\laboratorio\Desktop\TIAS\PyCaret\.venv\Lib\site-packages\sklearn\metrics\_classification.py:1561: UserWarning: Note that pos_label (set to 'Yes') is ignored when average != 'binary' (got 'weighted'). You may use labels=[pos_label] to specify a single positive class.
  warnings.warn(

2026-09-25 08:42:39,900:WARNING:c:\Users\laboratorio\Desktop\TIAS\PyCaret\.venv\Lib\site-packages\sklearn\metrics\_classification.py:1509: UndefinedMetricWarning: Precision is ill-defined and being set to 0.0 in labels with no predicted samples. Use `zero_division` parameter to control this behavior.
  _warn_prf(average, modifier, f"{metric.capitalize()} is", len(result))

2026-09-25 08:42:39,902:WARNING:c:\Users\laboratorio\Desktop\TIAS\PyCaret\.venv\Lib\site-packages\sklearn\metrics\_classification.py:1561: UserWarning: Note that pos_label (set to 'Yes') is ignored when average != 'binary' (got 'weighted'). You may use labels=[pos_label] to specify a single positive class.
  warnings.warn(

2026-09-25 08:42:39,908:WARNING:c:\Users\laboratorio\Desktop\TIAS\PyCaret\.venv\Lib\site-packages\sklearn\metrics\_classification.py:1561: UserWarning: Note that pos_label (set to 'Yes') is ignored when average != 'binary' (got 'weighted'). You may use labels=[pos_label] to specify a single positive class.
  warnings.warn(

2026-09-25 08:42:39,908:WARNING:c:\Users\laboratorio\Desktop\TIAS\PyCaret\.venv\Lib\site-packages\sklearn\metrics\_classification.py:1561: UserWarning: Note that pos_label (set to 'Yes') is ignored when average != 'binary' (got 'weighted'). You may use labels=[pos_label] to specify a single positive class.
  warnings.warn(

2026-09-25 08:42:39,912:WARNING:c:\Users\laboratorio\Desktop\TIAS\PyCaret\.venv\Lib\site-packages\sklearn\metrics\_classification.py:1561: UserWarning: Note that pos_label (set to 'Yes') is ignored when average != 'binary' (got 'weighted'). You may use labels=[pos_label] to specify a single positive class.
  warnings.warn(

2026-09-25 08:42:39,912:WARNING:c:\Users\laboratorio\Desktop\TIAS\PyCaret\.venv\Lib\site-packages\sklearn\metrics\_classification.py:1561: UserWarning: Note that pos_label (set to 'Yes') is ignored when average != 'binary' (got 'weighted'). You may use labels=[pos_label] to specify a single positive class.
  warnings.warn(

2026-09-25 08:42:39,915:WARNING:c:\Users\laboratorio\Desktop\TIAS\PyCaret\.venv\Lib\site-packages\sklearn\metrics\_classification.py:1509: UndefinedMetricWarning: Precision is ill-defined and being set to 0.0 in labels with no predicted samples. Use `zero_division` parameter to control this behavior.
  _warn_prf(average, modifier, f"{metric.capitalize()} is", len(result))

2026-09-25 08:42:39,915:WARNING:c:\Users\laboratorio\Desktop\TIAS\PyCaret\.venv\Lib\site-packages\sklearn\metrics\_classification.py:1509: UndefinedMetricWarning: Precision is ill-defined and being set to 0.0 in labels with no predicted samples. Use `zero_division` parameter to control this behavior.
  _warn_prf(average, modifier, f"{metric.capitalize()} is", len(result))

2026-09-25 08:42:39,916:WARNING:c:\Users\laboratorio\Desktop\TIAS\PyCaret\.venv\Lib\site-packages\sklearn\metrics\_classification.py:1561: UserWarning: Note that pos_label (set to 'Yes') is ignored when average != 'binary' (got 'weighted'). You may use labels=[pos_label] to specify a single positive class.
  warnings.warn(

2026-09-25 08:42:39,916:WARNING:c:\Users\laboratorio\Desktop\TIAS\PyCaret\.venv\Lib\site-packages\sklearn\metrics\_classification.py:1561: UserWarning: Note that pos_label (set to 'Yes') is ignored when average != 'binary' (got 'weighted'). You may use labels=[pos_label] to specify a single positive class.
  warnings.warn(

2026-09-25 08:42:39,923:WARNING:c:\Users\laboratorio\Desktop\TIAS\PyCaret\.venv\Lib\site-packages\sklearn\metrics\_classification.py:1561: UserWarning: Note that pos_label (set to 'Yes') is ignored when average != 'binary' (got 'weighted'). You may use labels=[pos_label] to specify a single positive class.
  warnings.warn(

2026-09-25 08:42:39,923:WARNING:c:\Users\laboratorio\Desktop\TIAS\PyCaret\.venv\Lib\site-packages\sklearn\metrics\_classification.py:1561: UserWarning: Note that pos_label (set to 'Yes') is ignored when average != 'binary' (got 'weighted'). You may use labels=[pos_label] to specify a single positive class.
  warnings.warn(

2026-09-25 08:42:39,925:WARNING:c:\Users\laboratorio\Desktop\TIAS\PyCaret\.venv\Lib\site-packages\sklearn\metrics\_classification.py:1561: UserWarning: Note that pos_label (set to 'Yes') is ignored when average != 'binary' (got 'weighted'). You may use labels=[pos_label] to specify a single positive class.
  warnings.warn(

2026-09-25 08:42:39,928:WARNING:c:\Users\laboratorio\Desktop\TIAS\PyCaret\.venv\Lib\site-packages\sklearn\metrics\_classification.py:1561: UserWarning: Note that pos_label (set to 'Yes') is ignored when average != 'binary' (got 'weighted'). You may use labels=[pos_label] to specify a single positive class.
  warnings.warn(

2026-09-25 08:42:39,928:WARNING:c:\Users\laboratorio\Desktop\TIAS\PyCaret\.venv\Lib\site-packages\sklearn\metrics\_classification.py:1561: UserWarning: Note that pos_label (set to 'Yes') is ignored when average != 'binary' (got 'weighted'). You may use labels=[pos_label] to specify a single positive class.
  warnings.warn(

2026-09-25 08:42:39,929:WARNING:c:\Users\laboratorio\Desktop\TIAS\PyCaret\.venv\Lib\site-packages\sklearn\metrics\_classification.py:1509: UndefinedMetricWarning: Precision is ill-defined and being set to 0.0 in labels with no predicted samples. Use `zero_division` parameter to control this behavior.
  _warn_prf(average, modifier, f"{metric.capitalize()} is", len(result))

2026-09-25 08:42:39,931:WARNING:c:\Users\laboratorio\Desktop\TIAS\PyCaret\.venv\Lib\site-packages\sklearn\metrics\_classification.py:1561: UserWarning: Note that pos_label (set to 'Yes') is ignored when average != 'binary' (got 'weighted'). You may use labels=[pos_label] to specify a single positive class.
  warnings.warn(

2026-09-25 08:42:39,931:WARNING:c:\Users\laboratorio\Desktop\TIAS\PyCaret\.venv\Lib\site-packages\sklearn\metrics\_classification.py:1561: UserWarning: Note that pos_label (set to 'Yes') is ignored when average != 'binary' (got 'weighted'). You may use labels=[pos_label] to specify a single positive class.
  warnings.warn(

2026-09-25 08:42:39,931:WARNING:c:\Users\laboratorio\Desktop\TIAS\PyCaret\.venv\Lib\site-packages\sklearn\metrics\_classification.py:1509: UndefinedMetricWarning: Precision is ill-defined and being set to 0.0 in labels with no predicted samples. Use `zero_division` parameter to control this behavior.
  _warn_prf(average, modifier, f"{metric.capitalize()} is", len(result))

2026-09-25 08:42:39,932:WARNING:c:\Users\laboratorio\Desktop\TIAS\PyCaret\.venv\Lib\site-packages\sklearn\metrics\_classification.py:1509: UndefinedMetricWarning: Precision is ill-defined and being set to 0.0 in labels with no predicted samples. Use `zero_division` parameter to control this behavior.
  _warn_prf(average, modifier, f"{metric.capitalize()} is", len(result))

2026-09-25 08:42:39,933:WARNING:c:\Users\laboratorio\Desktop\TIAS\PyCaret\.venv\Lib\site-packages\sklearn\metrics\_classification.py:1561: UserWarning: Note that pos_label (set to 'Yes') is ignored when average != 'binary' (got 'weighted'). You may use labels=[pos_label] to specify a single positive class.
  warnings.warn(

2026-09-25 08:42:39,935:WARNING:c:\Users\laboratorio\Desktop\TIAS\PyCaret\.venv\Lib\site-packages\sklearn\metrics\_classification.py:1561: UserWarning: Note that pos_label (set to 'Yes') is ignored when average != 'binary' (got 'weighted'). You may use labels=[pos_label] to specify a single positive class.
  warnings.warn(

2026-09-25 08:42:39,963:WARNING:c:\Users\laboratorio\Desktop\TIAS\PyCaret\.venv\Lib\site-packages\sklearn\metrics\_classification.py:1561: UserWarning: Note that pos_label (set to 'Yes') is ignored when average != 'binary' (got 'weighted'). You may use labels=[pos_label] to specify a single positive class.
  warnings.warn(

2026-09-25 08:42:39,963:WARNING:c:\Users\laboratorio\Desktop\TIAS\PyCaret\.venv\Lib\site-packages\sklearn\metrics\_classification.py:1561: UserWarning: Note that pos_label (set to 'Yes') is ignored when average != 'binary' (got 'weighted'). You may use labels=[pos_label] to specify a single positive class.
  warnings.warn(

2026-09-25 08:42:39,965:WARNING:c:\Users\laboratorio\Desktop\TIAS\PyCaret\.venv\Lib\site-packages\sklearn\metrics\_classification.py:1561: UserWarning: Note that pos_label (set to 'Yes') is ignored when average != 'binary' (got 'weighted'). You may use labels=[pos_label] to specify a single positive class.
  warnings.warn(

2026-09-25 08:42:39,966:WARNING:c:\Users\laboratorio\Desktop\TIAS\PyCaret\.venv\Lib\site-packages\sklearn\metrics\_classification.py:1561: UserWarning: Note that pos_label (set to 'Yes') is ignored when average != 'binary' (got 'weighted'). You may use labels=[pos_label] to specify a single positive class.
  warnings.warn(

2026-09-25 08:42:39,966:WARNING:c:\Users\laboratorio\Desktop\TIAS\PyCaret\.venv\Lib\site-packages\sklearn\metrics\_classification.py:1509: UndefinedMetricWarning: Precision is ill-defined and being set to 0.0 in labels with no predicted samples. Use `zero_division` parameter to control this behavior.
  _warn_prf(average, modifier, f"{metric.capitalize()} is", len(result))

2026-09-25 08:42:39,966:WARNING:c:\Users\laboratorio\Desktop\TIAS\PyCaret\.venv\Lib\site-packages\sklearn\metrics\_classification.py:1509: UndefinedMetricWarning: Precision is ill-defined and being set to 0.0 in labels with no predicted samples. Use `zero_division` parameter to control this behavior.
  _warn_prf(average, modifier, f"{metric.capitalize()} is", len(result))

2026-09-25 08:42:39,968:WARNING:c:\Users\laboratorio\Desktop\TIAS\PyCaret\.venv\Lib\site-packages\sklearn\metrics\_classification.py:1561: UserWarning: Note that pos_label (set to 'Yes') is ignored when average != 'binary' (got 'weighted'). You may use labels=[pos_label] to specify a single positive class.
  warnings.warn(

2026-09-25 08:42:39,968:WARNING:c:\Users\laboratorio\Desktop\TIAS\PyCaret\.venv\Lib\site-packages\sklearn\metrics\_classification.py:1561: UserWarning: Note that pos_label (set to 'Yes') is ignored when average != 'binary' (got 'weighted'). You may use labels=[pos_label] to specify a single positive class.
  warnings.warn(

2026-09-25 08:42:39,968:WARNING:c:\Users\laboratorio\Desktop\TIAS\PyCaret\.venv\Lib\site-packages\sklearn\metrics\_classification.py:1561: UserWarning: Note that pos_label (set to 'Yes') is ignored when average != 'binary' (got 'weighted'). You may use labels=[pos_label] to specify a single positive class.
  warnings.warn(

2026-09-25 08:42:39,971:WARNING:c:\Users\laboratorio\Desktop\TIAS\PyCaret\.venv\Lib\site-packages\sklearn\metrics\_classification.py:1561: UserWarning: Note that pos_label (set to 'Yes') is ignored when average != 'binary' (got 'weighted'). You may use labels=[pos_label] to specify a single positive class.
  warnings.warn(

2026-09-25 08:42:39,972:WARNING:c:\Users\laboratorio\Desktop\TIAS\PyCaret\.venv\Lib\site-packages\sklearn\metrics\_classification.py:1509: UndefinedMetricWarning: Precision is ill-defined and being set to 0.0 in labels with no predicted samples. Use `zero_division` parameter to control this behavior.
  _warn_prf(average, modifier, f"{metric.capitalize()} is", len(result))

2026-09-25 08:42:39,972:WARNING:c:\Users\laboratorio\Desktop\TIAS\PyCaret\.venv\Lib\site-packages\sklearn\metrics\_classification.py:1561: UserWarning: Note that pos_label (set to 'Yes') is ignored when average != 'binary' (got 'weighted'). You may use labels=[pos_label] to specify a single positive class.
  warnings.warn(

2026-09-25 08:42:39,981:INFO:Calculating mean and std
2026-09-25 08:42:39,981:INFO:Creating metrics dataframe
2026-09-25 08:42:39,982:INFO:Uploading results into container
2026-09-25 08:42:39,982:INFO:Uploading model into container now
2026-09-25 08:42:39,982:INFO:_master_model_container: 7
2026-09-25 08:42:39,982:INFO:_display_container: 2
2026-09-25 08:42:39,984:INFO:RandomForestClassifier(bootstrap=True, ccp_alpha=0.0, class_weight=None,
                       criterion='gini', max_depth=None, max_features='sqrt',
                       max_leaf_nodes=None, max_samples=None,
                       min_impurity_decrease=0.0, min_samples_leaf=1,
                       min_samples_split=2, min_weight_fraction_leaf=0.0,
                       monotonic_cst=None, n_estimators=100, n_jobs=-1,
                       oob_score=False, random_state=123, verbose=0,
                       warm_start=False)
2026-09-25 08:42:39,984:INFO:create_model() successfully completed......................................
2026-09-25 08:42:40,038:INFO:SubProcess create_model() end ==================================
2026-09-25 08:42:40,038:INFO:Creating metrics dataframe
2026-09-25 08:42:40,042:INFO:Initializing Quadratic Discriminant Analysis
2026-09-25 08:42:40,042:INFO:Total runtime is 0.16690822839736938 minutes
2026-09-25 08:42:40,045:INFO:SubProcess create_model() called ==================================
2026-09-25 08:42:40,045:INFO:Initializing create_model()
2026-09-25 08:42:40,045:INFO:create_model(self=<pycaret.classification.oop.ClassificationExperiment object at 0x000001CB16FA2A50>, estimator=qda, fold=StratifiedKFold(n_splits=10, random_state=None, shuffle=False), round=4, cross_validation=True, predict=True, fit_kwargs={}, groups=None, refit=False, probability_threshold=None, experiment_custom_tags=None, verbose=False, system=False, add_to_model_list=True, metrics=None, display=<pycaret.internal.display.display.CommonDisplay object at 0x000001CB170ECCD0>, model_only=True, return_train_score=False, error_score=0.0, kwargs={})
2026-09-25 08:42:40,045:INFO:Checking exceptions
2026-09-25 08:42:40,045:INFO:Importing libraries
2026-09-25 08:42:40,045:INFO:Copying training dataset
2026-09-25 08:42:40,048:INFO:Defining folds
2026-09-25 08:42:40,048:INFO:Declaring metric variables
2026-09-25 08:42:40,049:INFO:Importing untrained model
2026-09-25 08:42:40,052:INFO:Quadratic Discriminant Analysis Imported successfully
2026-09-25 08:42:40,055:INFO:Starting cross validation
2026-09-25 08:42:40,058:INFO:Cross validating with StratifiedKFold(n_splits=10, random_state=None, shuffle=False), n_jobs=-1
2026-09-25 08:42:40,413:WARNING:c:\Users\laboratorio\Desktop\TIAS\PyCaret\.venv\Lib\site-packages\sklearn\discriminant_analysis.py:935: UserWarning: Variables are collinear
  warnings.warn("Variables are collinear")

2026-09-25 08:42:40,424:WARNING:c:\Users\laboratorio\Desktop\TIAS\PyCaret\.venv\Lib\site-packages\sklearn\discriminant_analysis.py:935: UserWarning: Variables are collinear
  warnings.warn("Variables are collinear")

2026-09-25 08:42:40,429:WARNING:c:\Users\laboratorio\Desktop\TIAS\PyCaret\.venv\Lib\site-packages\sklearn\discriminant_analysis.py:935: UserWarning: Variables are collinear
  warnings.warn("Variables are collinear")

2026-09-25 08:42:40,445:WARNING:c:\Users\laboratorio\Desktop\TIAS\PyCaret\.venv\Lib\site-packages\sklearn\discriminant_analysis.py:935: UserWarning: Variables are collinear
  warnings.warn("Variables are collinear")

2026-09-25 08:42:40,453:WARNING:c:\Users\laboratorio\Desktop\TIAS\PyCaret\.venv\Lib\site-packages\sklearn\discriminant_analysis.py:935: UserWarning: Variables are collinear
  warnings.warn("Variables are collinear")

2026-09-25 08:42:40,455:WARNING:c:\Users\laboratorio\Desktop\TIAS\PyCaret\.venv\Lib\site-packages\sklearn\discriminant_analysis.py:935: UserWarning: Variables are collinear
  warnings.warn("Variables are collinear")

2026-09-25 08:42:40,460:WARNING:c:\Users\laboratorio\Desktop\TIAS\PyCaret\.venv\Lib\site-packages\sklearn\discriminant_analysis.py:935: UserWarning: Variables are collinear
  warnings.warn("Variables are collinear")

2026-09-25 08:42:40,466:WARNING:c:\Users\laboratorio\Desktop\TIAS\PyCaret\.venv\Lib\site-packages\sklearn\discriminant_analysis.py:935: UserWarning: Variables are collinear
  warnings.warn("Variables are collinear")

2026-09-25 08:42:40,466:WARNING:c:\Users\laboratorio\Desktop\TIAS\PyCaret\.venv\Lib\site-packages\sklearn\discriminant_analysis.py:935: UserWarning: Variables are collinear
  warnings.warn("Variables are collinear")

2026-09-25 08:42:40,484:WARNING:c:\Users\laboratorio\Desktop\TIAS\PyCaret\.venv\Lib\site-packages\sklearn\discriminant_analysis.py:935: UserWarning: Variables are collinear
  warnings.warn("Variables are collinear")

2026-09-25 08:42:40,497:WARNING:c:\Users\laboratorio\Desktop\TIAS\PyCaret\.venv\Lib\site-packages\sklearn\metrics\_classification.py:1561: UserWarning: Note that pos_label (set to 'Yes') is ignored when average != 'binary' (got 'weighted'). You may use labels=[pos_label] to specify a single positive class.
  warnings.warn(

2026-09-25 08:42:40,502:WARNING:c:\Users\laboratorio\Desktop\TIAS\PyCaret\.venv\Lib\site-packages\sklearn\metrics\_classification.py:1561: UserWarning: Note that pos_label (set to 'Yes') is ignored when average != 'binary' (got 'weighted'). You may use labels=[pos_label] to specify a single positive class.
  warnings.warn(

2026-09-25 08:42:40,503:WARNING:c:\Users\laboratorio\Desktop\TIAS\PyCaret\.venv\Lib\site-packages\sklearn\metrics\_classification.py:1561: UserWarning: Note that pos_label (set to 'Yes') is ignored when average != 'binary' (got 'weighted'). You may use labels=[pos_label] to specify a single positive class.
  warnings.warn(

2026-09-25 08:42:40,505:WARNING:c:\Users\laboratorio\Desktop\TIAS\PyCaret\.venv\Lib\site-packages\sklearn\metrics\_classification.py:1509: UndefinedMetricWarning: Precision is ill-defined and being set to 0.0 in labels with no predicted samples. Use `zero_division` parameter to control this behavior.
  _warn_prf(average, modifier, f"{metric.capitalize()} is", len(result))

2026-09-25 08:42:40,506:WARNING:c:\Users\laboratorio\Desktop\TIAS\PyCaret\.venv\Lib\site-packages\sklearn\metrics\_classification.py:1561: UserWarning: Note that pos_label (set to 'Yes') is ignored when average != 'binary' (got 'weighted'). You may use labels=[pos_label] to specify a single positive class.
  warnings.warn(

2026-09-25 08:42:40,506:WARNING:c:\Users\laboratorio\Desktop\TIAS\PyCaret\.venv\Lib\site-packages\sklearn\metrics\_classification.py:1561: UserWarning: Note that pos_label (set to 'Yes') is ignored when average != 'binary' (got 'weighted'). You may use labels=[pos_label] to specify a single positive class.
  warnings.warn(

2026-09-25 08:42:40,509:WARNING:c:\Users\laboratorio\Desktop\TIAS\PyCaret\.venv\Lib\site-packages\sklearn\metrics\_classification.py:1509: UndefinedMetricWarning: Precision is ill-defined and being set to 0.0 in labels with no predicted samples. Use `zero_division` parameter to control this behavior.
  _warn_prf(average, modifier, f"{metric.capitalize()} is", len(result))

2026-09-25 08:42:40,509:WARNING:c:\Users\laboratorio\Desktop\TIAS\PyCaret\.venv\Lib\site-packages\sklearn\metrics\_classification.py:1561: UserWarning: Note that pos_label (set to 'Yes') is ignored when average != 'binary' (got 'weighted'). You may use labels=[pos_label] to specify a single positive class.
  warnings.warn(

2026-09-25 08:42:40,510:WARNING:c:\Users\laboratorio\Desktop\TIAS\PyCaret\.venv\Lib\site-packages\sklearn\metrics\_classification.py:1561: UserWarning: Note that pos_label (set to 'Yes') is ignored when average != 'binary' (got 'weighted'). You may use labels=[pos_label] to specify a single positive class.
  warnings.warn(

2026-09-25 08:42:40,510:WARNING:c:\Users\laboratorio\Desktop\TIAS\PyCaret\.venv\Lib\site-packages\sklearn\metrics\_classification.py:1561: UserWarning: Note that pos_label (set to 'Yes') is ignored when average != 'binary' (got 'weighted'). You may use labels=[pos_label] to specify a single positive class.
  warnings.warn(

2026-09-25 08:42:40,513:WARNING:c:\Users\laboratorio\Desktop\TIAS\PyCaret\.venv\Lib\site-packages\sklearn\metrics\_classification.py:1561: UserWarning: Note that pos_label (set to 'Yes') is ignored when average != 'binary' (got 'weighted'). You may use labels=[pos_label] to specify a single positive class.
  warnings.warn(

2026-09-25 08:42:40,515:WARNING:c:\Users\laboratorio\Desktop\TIAS\PyCaret\.venv\Lib\site-packages\sklearn\metrics\_classification.py:1561: UserWarning: Note that pos_label (set to 'Yes') is ignored when average != 'binary' (got 'weighted'). You may use labels=[pos_label] to specify a single positive class.
  warnings.warn(

2026-09-25 08:42:40,516:WARNING:c:\Users\laboratorio\Desktop\TIAS\PyCaret\.venv\Lib\site-packages\sklearn\metrics\_classification.py:1509: UndefinedMetricWarning: Precision is ill-defined and being set to 0.0 in labels with no predicted samples. Use `zero_division` parameter to control this behavior.
  _warn_prf(average, modifier, f"{metric.capitalize()} is", len(result))

2026-09-25 08:42:40,516:WARNING:c:\Users\laboratorio\Desktop\TIAS\PyCaret\.venv\Lib\site-packages\sklearn\metrics\_classification.py:1509: UndefinedMetricWarning: Precision is ill-defined and being set to 0.0 in labels with no predicted samples. Use `zero_division` parameter to control this behavior.
  _warn_prf(average, modifier, f"{metric.capitalize()} is", len(result))

2026-09-25 08:42:40,518:WARNING:c:\Users\laboratorio\Desktop\TIAS\PyCaret\.venv\Lib\site-packages\sklearn\metrics\_classification.py:1561: UserWarning: Note that pos_label (set to 'Yes') is ignored when average != 'binary' (got 'weighted'). You may use labels=[pos_label] to specify a single positive class.
  warnings.warn(

2026-09-25 08:42:40,519:WARNING:c:\Users\laboratorio\Desktop\TIAS\PyCaret\.venv\Lib\site-packages\sklearn\metrics\_classification.py:1561: UserWarning: Note that pos_label (set to 'Yes') is ignored when average != 'binary' (got 'weighted'). You may use labels=[pos_label] to specify a single positive class.
  warnings.warn(

2026-09-25 08:42:40,528:WARNING:c:\Users\laboratorio\Desktop\TIAS\PyCaret\.venv\Lib\site-packages\sklearn\metrics\_classification.py:1561: UserWarning: Note that pos_label (set to 'Yes') is ignored when average != 'binary' (got 'weighted'). You may use labels=[pos_label] to specify a single positive class.
  warnings.warn(

2026-09-25 08:42:40,529:WARNING:c:\Users\laboratorio\Desktop\TIAS\PyCaret\.venv\Lib\site-packages\sklearn\metrics\_classification.py:1561: UserWarning: Note that pos_label (set to 'Yes') is ignored when average != 'binary' (got 'weighted'). You may use labels=[pos_label] to specify a single positive class.
  warnings.warn(

2026-09-25 08:42:40,531:WARNING:c:\Users\laboratorio\Desktop\TIAS\PyCaret\.venv\Lib\site-packages\sklearn\metrics\_classification.py:1561: UserWarning: Note that pos_label (set to 'Yes') is ignored when average != 'binary' (got 'weighted'). You may use labels=[pos_label] to specify a single positive class.
  warnings.warn(

2026-09-25 08:42:40,532:WARNING:c:\Users\laboratorio\Desktop\TIAS\PyCaret\.venv\Lib\site-packages\sklearn\metrics\_classification.py:1561: UserWarning: Note that pos_label (set to 'Yes') is ignored when average != 'binary' (got 'weighted'). You may use labels=[pos_label] to specify a single positive class.
  warnings.warn(

2026-09-25 08:42:40,532:WARNING:c:\Users\laboratorio\Desktop\TIAS\PyCaret\.venv\Lib\site-packages\sklearn\metrics\_classification.py:1561: UserWarning: Note that pos_label (set to 'Yes') is ignored when average != 'binary' (got 'weighted'). You may use labels=[pos_label] to specify a single positive class.
  warnings.warn(

2026-09-25 08:42:40,532:WARNING:c:\Users\laboratorio\Desktop\TIAS\PyCaret\.venv\Lib\site-packages\sklearn\metrics\_classification.py:1561: UserWarning: Note that pos_label (set to 'Yes') is ignored when average != 'binary' (got 'weighted'). You may use labels=[pos_label] to specify a single positive class.
  warnings.warn(

2026-09-25 08:42:40,533:WARNING:c:\Users\laboratorio\Desktop\TIAS\PyCaret\.venv\Lib\site-packages\sklearn\metrics\_classification.py:1561: UserWarning: Note that pos_label (set to 'Yes') is ignored when average != 'binary' (got 'weighted'). You may use labels=[pos_label] to specify a single positive class.
  warnings.warn(

2026-09-25 08:42:40,533:WARNING:c:\Users\laboratorio\Desktop\TIAS\PyCaret\.venv\Lib\site-packages\sklearn\metrics\_classification.py:1509: UndefinedMetricWarning: Precision is ill-defined and being set to 0.0 in labels with no predicted samples. Use `zero_division` parameter to control this behavior.
  _warn_prf(average, modifier, f"{metric.capitalize()} is", len(result))

2026-09-25 08:42:40,533:WARNING:c:\Users\laboratorio\Desktop\TIAS\PyCaret\.venv\Lib\site-packages\sklearn\metrics\_classification.py:1561: UserWarning: Note that pos_label (set to 'Yes') is ignored when average != 'binary' (got 'weighted'). You may use labels=[pos_label] to specify a single positive class.
  warnings.warn(

2026-09-25 08:42:40,534:WARNING:c:\Users\laboratorio\Desktop\TIAS\PyCaret\.venv\Lib\site-packages\sklearn\metrics\_classification.py:1561: UserWarning: Note that pos_label (set to 'Yes') is ignored when average != 'binary' (got 'weighted'). You may use labels=[pos_label] to specify a single positive class.
  warnings.warn(

2026-09-25 08:42:40,534:WARNING:c:\Users\laboratorio\Desktop\TIAS\PyCaret\.venv\Lib\site-packages\sklearn\metrics\_classification.py:1561: UserWarning: Note that pos_label (set to 'Yes') is ignored when average != 'binary' (got 'weighted'). You may use labels=[pos_label] to specify a single positive class.
  warnings.warn(

2026-09-25 08:42:40,534:WARNING:c:\Users\laboratorio\Desktop\TIAS\PyCaret\.venv\Lib\site-packages\sklearn\metrics\_classification.py:1561: UserWarning: Note that pos_label (set to 'Yes') is ignored when average != 'binary' (got 'weighted'). You may use labels=[pos_label] to specify a single positive class.
  warnings.warn(

2026-09-25 08:42:40,534:WARNING:c:\Users\laboratorio\Desktop\TIAS\PyCaret\.venv\Lib\site-packages\sklearn\metrics\_classification.py:1509: UndefinedMetricWarning: Precision is ill-defined and being set to 0.0 in labels with no predicted samples. Use `zero_division` parameter to control this behavior.
  _warn_prf(average, modifier, f"{metric.capitalize()} is", len(result))

2026-09-25 08:42:40,534:WARNING:c:\Users\laboratorio\Desktop\TIAS\PyCaret\.venv\Lib\site-packages\sklearn\metrics\_classification.py:1509: UndefinedMetricWarning: Precision is ill-defined and being set to 0.0 in labels with no predicted samples. Use `zero_division` parameter to control this behavior.
  _warn_prf(average, modifier, f"{metric.capitalize()} is", len(result))

2026-09-25 08:42:40,536:WARNING:c:\Users\laboratorio\Desktop\TIAS\PyCaret\.venv\Lib\site-packages\sklearn\metrics\_classification.py:1509: UndefinedMetricWarning: Precision is ill-defined and being set to 0.0 in labels with no predicted samples. Use `zero_division` parameter to control this behavior.
  _warn_prf(average, modifier, f"{metric.capitalize()} is", len(result))

2026-09-25 08:42:40,536:WARNING:c:\Users\laboratorio\Desktop\TIAS\PyCaret\.venv\Lib\site-packages\sklearn\metrics\_classification.py:1509: UndefinedMetricWarning: Precision is ill-defined and being set to 0.0 in labels with no predicted samples. Use `zero_division` parameter to control this behavior.
  _warn_prf(average, modifier, f"{metric.capitalize()} is", len(result))

2026-09-25 08:42:40,536:WARNING:c:\Users\laboratorio\Desktop\TIAS\PyCaret\.venv\Lib\site-packages\sklearn\metrics\_classification.py:1561: UserWarning: Note that pos_label (set to 'Yes') is ignored when average != 'binary' (got 'weighted'). You may use labels=[pos_label] to specify a single positive class.
  warnings.warn(

2026-09-25 08:42:40,536:WARNING:c:\Users\laboratorio\Desktop\TIAS\PyCaret\.venv\Lib\site-packages\sklearn\metrics\_classification.py:1561: UserWarning: Note that pos_label (set to 'Yes') is ignored when average != 'binary' (got 'weighted'). You may use labels=[pos_label] to specify a single positive class.
  warnings.warn(

2026-09-25 08:42:40,537:WARNING:c:\Users\laboratorio\Desktop\TIAS\PyCaret\.venv\Lib\site-packages\sklearn\metrics\_classification.py:1561: UserWarning: Note that pos_label (set to 'Yes') is ignored when average != 'binary' (got 'weighted'). You may use labels=[pos_label] to specify a single positive class.
  warnings.warn(

2026-09-25 08:42:40,537:WARNING:c:\Users\laboratorio\Desktop\TIAS\PyCaret\.venv\Lib\site-packages\sklearn\metrics\_classification.py:1561: UserWarning: Note that pos_label (set to 'Yes') is ignored when average != 'binary' (got 'weighted'). You may use labels=[pos_label] to specify a single positive class.
  warnings.warn(

2026-09-25 08:42:40,539:WARNING:c:\Users\laboratorio\Desktop\TIAS\PyCaret\.venv\Lib\site-packages\sklearn\metrics\_classification.py:1561: UserWarning: Note that pos_label (set to 'Yes') is ignored when average != 'binary' (got 'weighted'). You may use labels=[pos_label] to specify a single positive class.
  warnings.warn(

2026-09-25 08:42:40,540:WARNING:c:\Users\laboratorio\Desktop\TIAS\PyCaret\.venv\Lib\site-packages\sklearn\metrics\_classification.py:1561: UserWarning: Note that pos_label (set to 'Yes') is ignored when average != 'binary' (got 'weighted'). You may use labels=[pos_label] to specify a single positive class.
  warnings.warn(

2026-09-25 08:42:40,543:WARNING:c:\Users\laboratorio\Desktop\TIAS\PyCaret\.venv\Lib\site-packages\sklearn\metrics\_classification.py:1509: UndefinedMetricWarning: Precision is ill-defined and being set to 0.0 in labels with no predicted samples. Use `zero_division` parameter to control this behavior.
  _warn_prf(average, modifier, f"{metric.capitalize()} is", len(result))

2026-09-25 08:42:40,543:WARNING:c:\Users\laboratorio\Desktop\TIAS\PyCaret\.venv\Lib\site-packages\sklearn\metrics\_classification.py:1561: UserWarning: Note that pos_label (set to 'Yes') is ignored when average != 'binary' (got 'weighted'). You may use labels=[pos_label] to specify a single positive class.
  warnings.warn(

2026-09-25 08:42:40,552:INFO:Calculating mean and std
2026-09-25 08:42:40,553:INFO:Creating metrics dataframe
2026-09-25 08:42:40,554:INFO:Uploading results into container
2026-09-25 08:42:40,554:INFO:Uploading model into container now
2026-09-25 08:42:40,555:INFO:_master_model_container: 8
2026-09-25 08:42:40,555:INFO:_display_container: 2
2026-09-25 08:42:40,555:INFO:QuadraticDiscriminantAnalysis(priors=None, reg_param=0.0,
                              store_covariance=False, tol=0.0001)
2026-09-25 08:42:40,556:INFO:create_model() successfully completed......................................
2026-09-25 08:42:40,607:INFO:SubProcess create_model() end ==================================
2026-09-25 08:42:40,607:INFO:Creating metrics dataframe
2026-09-25 08:42:40,613:INFO:Initializing Ada Boost Classifier
2026-09-25 08:42:40,613:INFO:Total runtime is 0.17643636067708332 minutes
2026-09-25 08:42:40,615:INFO:SubProcess create_model() called ==================================
2026-09-25 08:42:40,615:INFO:Initializing create_model()
2026-09-25 08:42:40,615:INFO:create_model(self=<pycaret.classification.oop.ClassificationExperiment object at 0x000001CB16FA2A50>, estimator=ada, fold=StratifiedKFold(n_splits=10, random_state=None, shuffle=False), round=4, cross_validation=True, predict=True, fit_kwargs={}, groups=None, refit=False, probability_threshold=None, experiment_custom_tags=None, verbose=False, system=False, add_to_model_list=True, metrics=None, display=<pycaret.internal.display.display.CommonDisplay object at 0x000001CB170ECCD0>, model_only=True, return_train_score=False, error_score=0.0, kwargs={})
2026-09-25 08:42:40,615:INFO:Checking exceptions
2026-09-25 08:42:40,615:INFO:Importing libraries
2026-09-25 08:42:40,616:INFO:Copying training dataset
2026-09-25 08:42:40,620:INFO:Defining folds
2026-09-25 08:42:40,620:INFO:Declaring metric variables
2026-09-25 08:42:40,621:INFO:Importing untrained model
2026-09-25 08:42:40,622:INFO:Ada Boost Classifier Imported successfully
2026-09-25 08:42:40,631:INFO:Starting cross validation
2026-09-25 08:42:40,637:INFO:Cross validating with StratifiedKFold(n_splits=10, random_state=None, shuffle=False), n_jobs=-1
2026-09-25 08:42:40,989:WARNING:c:\Users\laboratorio\Desktop\TIAS\PyCaret\.venv\Lib\site-packages\sklearn\ensemble\_weight_boosting.py:519: FutureWarning: The SAMME.R algorithm (the default) is deprecated and will be removed in 1.6. Use the SAMME algorithm to circumvent this warning.
  warnings.warn(

2026-09-25 08:42:40,999:WARNING:c:\Users\laboratorio\Desktop\TIAS\PyCaret\.venv\Lib\site-packages\sklearn\ensemble\_weight_boosting.py:519: FutureWarning: The SAMME.R algorithm (the default) is deprecated and will be removed in 1.6. Use the SAMME algorithm to circumvent this warning.
  warnings.warn(

2026-09-25 08:42:41,012:WARNING:c:\Users\laboratorio\Desktop\TIAS\PyCaret\.venv\Lib\site-packages\sklearn\ensemble\_weight_boosting.py:519: FutureWarning: The SAMME.R algorithm (the default) is deprecated and will be removed in 1.6. Use the SAMME algorithm to circumvent this warning.
  warnings.warn(

2026-09-25 08:42:41,017:WARNING:c:\Users\laboratorio\Desktop\TIAS\PyCaret\.venv\Lib\site-packages\sklearn\ensemble\_weight_boosting.py:519: FutureWarning: The SAMME.R algorithm (the default) is deprecated and will be removed in 1.6. Use the SAMME algorithm to circumvent this warning.
  warnings.warn(

2026-09-25 08:42:41,022:WARNING:c:\Users\laboratorio\Desktop\TIAS\PyCaret\.venv\Lib\site-packages\sklearn\ensemble\_weight_boosting.py:519: FutureWarning: The SAMME.R algorithm (the default) is deprecated and will be removed in 1.6. Use the SAMME algorithm to circumvent this warning.
  warnings.warn(

2026-09-25 08:42:41,026:WARNING:c:\Users\laboratorio\Desktop\TIAS\PyCaret\.venv\Lib\site-packages\sklearn\ensemble\_weight_boosting.py:519: FutureWarning: The SAMME.R algorithm (the default) is deprecated and will be removed in 1.6. Use the SAMME algorithm to circumvent this warning.
  warnings.warn(

2026-09-25 08:42:41,033:WARNING:c:\Users\laboratorio\Desktop\TIAS\PyCaret\.venv\Lib\site-packages\sklearn\ensemble\_weight_boosting.py:519: FutureWarning: The SAMME.R algorithm (the default) is deprecated and will be removed in 1.6. Use the SAMME algorithm to circumvent this warning.
  warnings.warn(

2026-09-25 08:42:41,038:WARNING:c:\Users\laboratorio\Desktop\TIAS\PyCaret\.venv\Lib\site-packages\sklearn\ensemble\_weight_boosting.py:519: FutureWarning: The SAMME.R algorithm (the default) is deprecated and will be removed in 1.6. Use the SAMME algorithm to circumvent this warning.
  warnings.warn(

2026-09-25 08:42:41,052:WARNING:c:\Users\laboratorio\Desktop\TIAS\PyCaret\.venv\Lib\site-packages\sklearn\ensemble\_weight_boosting.py:519: FutureWarning: The SAMME.R algorithm (the default) is deprecated and will be removed in 1.6. Use the SAMME algorithm to circumvent this warning.
  warnings.warn(

2026-09-25 08:42:41,073:WARNING:c:\Users\laboratorio\Desktop\TIAS\PyCaret\.venv\Lib\site-packages\sklearn\metrics\_classification.py:1561: UserWarning: Note that pos_label (set to 'Yes') is ignored when average != 'binary' (got 'weighted'). You may use labels=[pos_label] to specify a single positive class.
  warnings.warn(

2026-09-25 08:42:41,078:WARNING:c:\Users\laboratorio\Desktop\TIAS\PyCaret\.venv\Lib\site-packages\sklearn\metrics\_classification.py:1561: UserWarning: Note that pos_label (set to 'Yes') is ignored when average != 'binary' (got 'weighted'). You may use labels=[pos_label] to specify a single positive class.
  warnings.warn(

2026-09-25 08:42:41,079:WARNING:c:\Users\laboratorio\Desktop\TIAS\PyCaret\.venv\Lib\site-packages\sklearn\metrics\_classification.py:1561: UserWarning: Note that pos_label (set to 'Yes') is ignored when average != 'binary' (got 'weighted'). You may use labels=[pos_label] to specify a single positive class.
  warnings.warn(

2026-09-25 08:42:41,082:WARNING:c:\Users\laboratorio\Desktop\TIAS\PyCaret\.venv\Lib\site-packages\sklearn\metrics\_classification.py:1509: UndefinedMetricWarning: Precision is ill-defined and being set to 0.0 in labels with no predicted samples. Use `zero_division` parameter to control this behavior.
  _warn_prf(average, modifier, f"{metric.capitalize()} is", len(result))

2026-09-25 08:42:41,083:WARNING:c:\Users\laboratorio\Desktop\TIAS\PyCaret\.venv\Lib\site-packages\sklearn\metrics\_classification.py:1561: UserWarning: Note that pos_label (set to 'Yes') is ignored when average != 'binary' (got 'weighted'). You may use labels=[pos_label] to specify a single positive class.
  warnings.warn(

2026-09-25 08:42:41,083:WARNING:c:\Users\laboratorio\Desktop\TIAS\PyCaret\.venv\Lib\site-packages\sklearn\metrics\_classification.py:1561: UserWarning: Note that pos_label (set to 'Yes') is ignored when average != 'binary' (got 'weighted'). You may use labels=[pos_label] to specify a single positive class.
  warnings.warn(

2026-09-25 08:42:41,086:WARNING:c:\Users\laboratorio\Desktop\TIAS\PyCaret\.venv\Lib\site-packages\sklearn\metrics\_classification.py:1509: UndefinedMetricWarning: Precision is ill-defined and being set to 0.0 in labels with no predicted samples. Use `zero_division` parameter to control this behavior.
  _warn_prf(average, modifier, f"{metric.capitalize()} is", len(result))

2026-09-25 08:42:41,087:WARNING:c:\Users\laboratorio\Desktop\TIAS\PyCaret\.venv\Lib\site-packages\sklearn\metrics\_classification.py:1561: UserWarning: Note that pos_label (set to 'Yes') is ignored when average != 'binary' (got 'weighted'). You may use labels=[pos_label] to specify a single positive class.
  warnings.warn(

2026-09-25 08:42:41,087:WARNING:c:\Users\laboratorio\Desktop\TIAS\PyCaret\.venv\Lib\site-packages\sklearn\metrics\_classification.py:1561: UserWarning: Note that pos_label (set to 'Yes') is ignored when average != 'binary' (got 'weighted'). You may use labels=[pos_label] to specify a single positive class.
  warnings.warn(

2026-09-25 08:42:41,087:WARNING:c:\Users\laboratorio\Desktop\TIAS\PyCaret\.venv\Lib\site-packages\sklearn\metrics\_classification.py:1561: UserWarning: Note that pos_label (set to 'Yes') is ignored when average != 'binary' (got 'weighted'). You may use labels=[pos_label] to specify a single positive class.
  warnings.warn(

2026-09-25 08:42:41,089:WARNING:c:\Users\laboratorio\Desktop\TIAS\PyCaret\.venv\Lib\site-packages\sklearn\metrics\_classification.py:1561: UserWarning: Note that pos_label (set to 'Yes') is ignored when average != 'binary' (got 'weighted'). You may use labels=[pos_label] to specify a single positive class.
  warnings.warn(

2026-09-25 08:42:41,090:WARNING:c:\Users\laboratorio\Desktop\TIAS\PyCaret\.venv\Lib\site-packages\sklearn\metrics\_classification.py:1561: UserWarning: Note that pos_label (set to 'Yes') is ignored when average != 'binary' (got 'weighted'). You may use labels=[pos_label] to specify a single positive class.
  warnings.warn(

2026-09-25 08:42:41,092:WARNING:c:\Users\laboratorio\Desktop\TIAS\PyCaret\.venv\Lib\site-packages\sklearn\metrics\_classification.py:1509: UndefinedMetricWarning: Precision is ill-defined and being set to 0.0 in labels with no predicted samples. Use `zero_division` parameter to control this behavior.
  _warn_prf(average, modifier, f"{metric.capitalize()} is", len(result))

2026-09-25 08:42:41,093:WARNING:c:\Users\laboratorio\Desktop\TIAS\PyCaret\.venv\Lib\site-packages\sklearn\metrics\_classification.py:1509: UndefinedMetricWarning: Precision is ill-defined and being set to 0.0 in labels with no predicted samples. Use `zero_division` parameter to control this behavior.
  _warn_prf(average, modifier, f"{metric.capitalize()} is", len(result))

2026-09-25 08:42:41,093:WARNING:c:\Users\laboratorio\Desktop\TIAS\PyCaret\.venv\Lib\site-packages\sklearn\metrics\_classification.py:1561: UserWarning: Note that pos_label (set to 'Yes') is ignored when average != 'binary' (got 'weighted'). You may use labels=[pos_label] to specify a single positive class.
  warnings.warn(

2026-09-25 08:42:41,095:WARNING:c:\Users\laboratorio\Desktop\TIAS\PyCaret\.venv\Lib\site-packages\sklearn\metrics\_classification.py:1561: UserWarning: Note that pos_label (set to 'Yes') is ignored when average != 'binary' (got 'weighted'). You may use labels=[pos_label] to specify a single positive class.
  warnings.warn(

2026-09-25 08:42:41,095:WARNING:c:\Users\laboratorio\Desktop\TIAS\PyCaret\.venv\Lib\site-packages\sklearn\metrics\_classification.py:1561: UserWarning: Note that pos_label (set to 'Yes') is ignored when average != 'binary' (got 'weighted'). You may use labels=[pos_label] to specify a single positive class.
  warnings.warn(

2026-09-25 08:42:41,095:WARNING:c:\Users\laboratorio\Desktop\TIAS\PyCaret\.venv\Lib\site-packages\sklearn\metrics\_classification.py:1561: UserWarning: Note that pos_label (set to 'Yes') is ignored when average != 'binary' (got 'weighted'). You may use labels=[pos_label] to specify a single positive class.
  warnings.warn(

2026-09-25 08:42:41,096:WARNING:c:\Users\laboratorio\Desktop\TIAS\PyCaret\.venv\Lib\site-packages\sklearn\metrics\_classification.py:1561: UserWarning: Note that pos_label (set to 'Yes') is ignored when average != 'binary' (got 'weighted'). You may use labels=[pos_label] to specify a single positive class.
  warnings.warn(

2026-09-25 08:42:41,098:WARNING:c:\Users\laboratorio\Desktop\TIAS\PyCaret\.venv\Lib\site-packages\sklearn\metrics\_classification.py:1561: UserWarning: Note that pos_label (set to 'Yes') is ignored when average != 'binary' (got 'weighted'). You may use labels=[pos_label] to specify a single positive class.
  warnings.warn(

2026-09-25 08:42:41,100:WARNING:c:\Users\laboratorio\Desktop\TIAS\PyCaret\.venv\Lib\site-packages\sklearn\metrics\_classification.py:1561: UserWarning: Note that pos_label (set to 'Yes') is ignored when average != 'binary' (got 'weighted'). You may use labels=[pos_label] to specify a single positive class.
  warnings.warn(

2026-09-25 08:42:41,100:WARNING:c:\Users\laboratorio\Desktop\TIAS\PyCaret\.venv\Lib\site-packages\sklearn\metrics\_classification.py:1561: UserWarning: Note that pos_label (set to 'Yes') is ignored when average != 'binary' (got 'weighted'). You may use labels=[pos_label] to specify a single positive class.
  warnings.warn(

2026-09-25 08:42:41,101:WARNING:c:\Users\laboratorio\Desktop\TIAS\PyCaret\.venv\Lib\site-packages\sklearn\metrics\_classification.py:1509: UndefinedMetricWarning: Precision is ill-defined and being set to 0.0 in labels with no predicted samples. Use `zero_division` parameter to control this behavior.
  _warn_prf(average, modifier, f"{metric.capitalize()} is", len(result))

2026-09-25 08:42:41,102:WARNING:c:\Users\laboratorio\Desktop\TIAS\PyCaret\.venv\Lib\site-packages\sklearn\metrics\_classification.py:1509: UndefinedMetricWarning: Precision is ill-defined and being set to 0.0 in labels with no predicted samples. Use `zero_division` parameter to control this behavior.
  _warn_prf(average, modifier, f"{metric.capitalize()} is", len(result))

2026-09-25 08:42:41,102:WARNING:c:\Users\laboratorio\Desktop\TIAS\PyCaret\.venv\Lib\site-packages\sklearn\metrics\_classification.py:1509: UndefinedMetricWarning: Precision is ill-defined and being set to 0.0 in labels with no predicted samples. Use `zero_division` parameter to control this behavior.
  _warn_prf(average, modifier, f"{metric.capitalize()} is", len(result))

2026-09-25 08:42:41,102:WARNING:c:\Users\laboratorio\Desktop\TIAS\PyCaret\.venv\Lib\site-packages\sklearn\metrics\_classification.py:1561: UserWarning: Note that pos_label (set to 'Yes') is ignored when average != 'binary' (got 'weighted'). You may use labels=[pos_label] to specify a single positive class.
  warnings.warn(

2026-09-25 08:42:41,104:WARNING:c:\Users\laboratorio\Desktop\TIAS\PyCaret\.venv\Lib\site-packages\sklearn\metrics\_classification.py:1561: UserWarning: Note that pos_label (set to 'Yes') is ignored when average != 'binary' (got 'weighted'). You may use labels=[pos_label] to specify a single positive class.
  warnings.warn(

2026-09-25 08:42:41,104:WARNING:c:\Users\laboratorio\Desktop\TIAS\PyCaret\.venv\Lib\site-packages\sklearn\metrics\_classification.py:1561: UserWarning: Note that pos_label (set to 'Yes') is ignored when average != 'binary' (got 'weighted'). You may use labels=[pos_label] to specify a single positive class.
  warnings.warn(

2026-09-25 08:42:41,104:WARNING:c:\Users\laboratorio\Desktop\TIAS\PyCaret\.venv\Lib\site-packages\sklearn\metrics\_classification.py:1561: UserWarning: Note that pos_label (set to 'Yes') is ignored when average != 'binary' (got 'weighted'). You may use labels=[pos_label] to specify a single positive class.
  warnings.warn(

2026-09-25 08:42:41,107:WARNING:c:\Users\laboratorio\Desktop\TIAS\PyCaret\.venv\Lib\site-packages\sklearn\metrics\_classification.py:1561: UserWarning: Note that pos_label (set to 'Yes') is ignored when average != 'binary' (got 'weighted'). You may use labels=[pos_label] to specify a single positive class.
  warnings.warn(

2026-09-25 08:42:41,107:WARNING:c:\Users\laboratorio\Desktop\TIAS\PyCaret\.venv\Lib\site-packages\sklearn\metrics\_classification.py:1561: UserWarning: Note that pos_label (set to 'Yes') is ignored when average != 'binary' (got 'weighted'). You may use labels=[pos_label] to specify a single positive class.
  warnings.warn(

2026-09-25 08:42:41,109:WARNING:c:\Users\laboratorio\Desktop\TIAS\PyCaret\.venv\Lib\site-packages\sklearn\metrics\_classification.py:1509: UndefinedMetricWarning: Precision is ill-defined and being set to 0.0 in labels with no predicted samples. Use `zero_division` parameter to control this behavior.
  _warn_prf(average, modifier, f"{metric.capitalize()} is", len(result))

2026-09-25 08:42:41,109:WARNING:c:\Users\laboratorio\Desktop\TIAS\PyCaret\.venv\Lib\site-packages\sklearn\metrics\_classification.py:1561: UserWarning: Note that pos_label (set to 'Yes') is ignored when average != 'binary' (got 'weighted'). You may use labels=[pos_label] to specify a single positive class.
  warnings.warn(

2026-09-25 08:42:41,111:WARNING:c:\Users\laboratorio\Desktop\TIAS\PyCaret\.venv\Lib\site-packages\sklearn\metrics\_classification.py:1561: UserWarning: Note that pos_label (set to 'Yes') is ignored when average != 'binary' (got 'weighted'). You may use labels=[pos_label] to specify a single positive class.
  warnings.warn(

2026-09-25 08:42:41,112:WARNING:c:\Users\laboratorio\Desktop\TIAS\PyCaret\.venv\Lib\site-packages\sklearn\metrics\_classification.py:1561: UserWarning: Note that pos_label (set to 'Yes') is ignored when average != 'binary' (got 'weighted'). You may use labels=[pos_label] to specify a single positive class.
  warnings.warn(

2026-09-25 08:42:41,112:WARNING:c:\Users\laboratorio\Desktop\TIAS\PyCaret\.venv\Lib\site-packages\sklearn\metrics\_classification.py:1509: UndefinedMetricWarning: Precision is ill-defined and being set to 0.0 in labels with no predicted samples. Use `zero_division` parameter to control this behavior.
  _warn_prf(average, modifier, f"{metric.capitalize()} is", len(result))

2026-09-25 08:42:41,114:WARNING:c:\Users\laboratorio\Desktop\TIAS\PyCaret\.venv\Lib\site-packages\sklearn\metrics\_classification.py:1561: UserWarning: Note that pos_label (set to 'Yes') is ignored when average != 'binary' (got 'weighted'). You may use labels=[pos_label] to specify a single positive class.
  warnings.warn(

2026-09-25 08:42:41,114:WARNING:c:\Users\laboratorio\Desktop\TIAS\PyCaret\.venv\Lib\site-packages\sklearn\metrics\_classification.py:1561: UserWarning: Note that pos_label (set to 'Yes') is ignored when average != 'binary' (got 'weighted'). You may use labels=[pos_label] to specify a single positive class.
  warnings.warn(

2026-09-25 08:42:41,115:WARNING:c:\Users\laboratorio\Desktop\TIAS\PyCaret\.venv\Lib\site-packages\sklearn\metrics\_classification.py:1509: UndefinedMetricWarning: Precision is ill-defined and being set to 0.0 in labels with no predicted samples. Use `zero_division` parameter to control this behavior.
  _warn_prf(average, modifier, f"{metric.capitalize()} is", len(result))

2026-09-25 08:42:41,118:WARNING:c:\Users\laboratorio\Desktop\TIAS\PyCaret\.venv\Lib\site-packages\sklearn\metrics\_classification.py:1561: UserWarning: Note that pos_label (set to 'Yes') is ignored when average != 'binary' (got 'weighted'). You may use labels=[pos_label] to specify a single positive class.
  warnings.warn(

2026-09-25 08:42:41,128:INFO:Calculating mean and std
2026-09-25 08:42:41,128:INFO:Creating metrics dataframe
2026-09-25 08:42:41,131:INFO:Uploading results into container
2026-09-25 08:42:41,131:INFO:Uploading model into container now
2026-09-25 08:42:41,131:INFO:_master_model_container: 9
2026-09-25 08:42:41,131:INFO:_display_container: 2
2026-09-25 08:42:41,131:INFO:AdaBoostClassifier(algorithm='SAMME.R', estimator=None, learning_rate=1.0,
                   n_estimators=50, random_state=123)
2026-09-25 08:42:41,131:INFO:create_model() successfully completed......................................
2026-09-25 08:42:41,185:INFO:SubProcess create_model() end ==================================
2026-09-25 08:42:41,185:INFO:Creating metrics dataframe
2026-09-25 08:42:41,189:INFO:Initializing Gradient Boosting Classifier
2026-09-25 08:42:41,189:INFO:Total runtime is 0.18603683312733968 minutes
2026-09-25 08:42:41,191:INFO:SubProcess create_model() called ==================================
2026-09-25 08:42:41,191:INFO:Initializing create_model()
2026-09-25 08:42:41,192:INFO:create_model(self=<pycaret.classification.oop.ClassificationExperiment object at 0x000001CB16FA2A50>, estimator=gbc, fold=StratifiedKFold(n_splits=10, random_state=None, shuffle=False), round=4, cross_validation=True, predict=True, fit_kwargs={}, groups=None, refit=False, probability_threshold=None, experiment_custom_tags=None, verbose=False, system=False, add_to_model_list=True, metrics=None, display=<pycaret.internal.display.display.CommonDisplay object at 0x000001CB170ECCD0>, model_only=True, return_train_score=False, error_score=0.0, kwargs={})
2026-09-25 08:42:41,192:INFO:Checking exceptions
2026-09-25 08:42:41,192:INFO:Importing libraries
2026-09-25 08:42:41,192:INFO:Copying training dataset
2026-09-25 08:42:41,196:INFO:Defining folds
2026-09-25 08:42:41,196:INFO:Declaring metric variables
2026-09-25 08:42:41,198:INFO:Importing untrained model
2026-09-25 08:42:41,199:INFO:Gradient Boosting Classifier Imported successfully
2026-09-25 08:42:41,202:INFO:Starting cross validation
2026-09-25 08:42:41,205:INFO:Cross validating with StratifiedKFold(n_splits=10, random_state=None, shuffle=False), n_jobs=-1
2026-09-25 08:42:41,893:WARNING:c:\Users\laboratorio\Desktop\TIAS\PyCaret\.venv\Lib\site-packages\sklearn\metrics\_classification.py:1561: UserWarning: Note that pos_label (set to 'Yes') is ignored when average != 'binary' (got 'weighted'). You may use labels=[pos_label] to specify a single positive class.
  warnings.warn(

2026-09-25 08:42:41,894:WARNING:c:\Users\laboratorio\Desktop\TIAS\PyCaret\.venv\Lib\site-packages\sklearn\metrics\_classification.py:1561: UserWarning: Note that pos_label (set to 'Yes') is ignored when average != 'binary' (got 'weighted'). You may use labels=[pos_label] to specify a single positive class.
  warnings.warn(

2026-09-25 08:42:41,897:WARNING:c:\Users\laboratorio\Desktop\TIAS\PyCaret\.venv\Lib\site-packages\sklearn\metrics\_classification.py:1561: UserWarning: Note that pos_label (set to 'Yes') is ignored when average != 'binary' (got 'weighted'). You may use labels=[pos_label] to specify a single positive class.
  warnings.warn(

2026-09-25 08:42:41,899:WARNING:c:\Users\laboratorio\Desktop\TIAS\PyCaret\.venv\Lib\site-packages\sklearn\metrics\_classification.py:1509: UndefinedMetricWarning: Precision is ill-defined and being set to 0.0 in labels with no predicted samples. Use `zero_division` parameter to control this behavior.
  _warn_prf(average, modifier, f"{metric.capitalize()} is", len(result))

2026-09-25 08:42:41,899:WARNING:c:\Users\laboratorio\Desktop\TIAS\PyCaret\.venv\Lib\site-packages\sklearn\metrics\_classification.py:1561: UserWarning: Note that pos_label (set to 'Yes') is ignored when average != 'binary' (got 'weighted'). You may use labels=[pos_label] to specify a single positive class.
  warnings.warn(

2026-09-25 08:42:41,900:WARNING:c:\Users\laboratorio\Desktop\TIAS\PyCaret\.venv\Lib\site-packages\sklearn\metrics\_classification.py:1561: UserWarning: Note that pos_label (set to 'Yes') is ignored when average != 'binary' (got 'weighted'). You may use labels=[pos_label] to specify a single positive class.
  warnings.warn(

2026-09-25 08:42:41,900:WARNING:c:\Users\laboratorio\Desktop\TIAS\PyCaret\.venv\Lib\site-packages\sklearn\metrics\_classification.py:1561: UserWarning: Note that pos_label (set to 'Yes') is ignored when average != 'binary' (got 'weighted'). You may use labels=[pos_label] to specify a single positive class.
  warnings.warn(

2026-09-25 08:42:41,900:WARNING:c:\Users\laboratorio\Desktop\TIAS\PyCaret\.venv\Lib\site-packages\sklearn\metrics\_classification.py:1509: UndefinedMetricWarning: Precision is ill-defined and being set to 0.0 in labels with no predicted samples. Use `zero_division` parameter to control this behavior.
  _warn_prf(average, modifier, f"{metric.capitalize()} is", len(result))

2026-09-25 08:42:41,903:WARNING:c:\Users\laboratorio\Desktop\TIAS\PyCaret\.venv\Lib\site-packages\sklearn\metrics\_classification.py:1561: UserWarning: Note that pos_label (set to 'Yes') is ignored when average != 'binary' (got 'weighted'). You may use labels=[pos_label] to specify a single positive class.
  warnings.warn(

2026-09-25 08:42:41,904:WARNING:c:\Users\laboratorio\Desktop\TIAS\PyCaret\.venv\Lib\site-packages\sklearn\metrics\_classification.py:1561: UserWarning: Note that pos_label (set to 'Yes') is ignored when average != 'binary' (got 'weighted'). You may use labels=[pos_label] to specify a single positive class.
  warnings.warn(

2026-09-25 08:42:41,906:WARNING:c:\Users\laboratorio\Desktop\TIAS\PyCaret\.venv\Lib\site-packages\sklearn\metrics\_classification.py:1509: UndefinedMetricWarning: Precision is ill-defined and being set to 0.0 in labels with no predicted samples. Use `zero_division` parameter to control this behavior.
  _warn_prf(average, modifier, f"{metric.capitalize()} is", len(result))

2026-09-25 08:42:41,909:WARNING:c:\Users\laboratorio\Desktop\TIAS\PyCaret\.venv\Lib\site-packages\sklearn\metrics\_classification.py:1561: UserWarning: Note that pos_label (set to 'Yes') is ignored when average != 'binary' (got 'weighted'). You may use labels=[pos_label] to specify a single positive class.
  warnings.warn(

2026-09-25 08:42:41,912:WARNING:c:\Users\laboratorio\Desktop\TIAS\PyCaret\.venv\Lib\site-packages\sklearn\metrics\_classification.py:1561: UserWarning: Note that pos_label (set to 'Yes') is ignored when average != 'binary' (got 'weighted'). You may use labels=[pos_label] to specify a single positive class.
  warnings.warn(

2026-09-25 08:42:41,912:WARNING:c:\Users\laboratorio\Desktop\TIAS\PyCaret\.venv\Lib\site-packages\sklearn\metrics\_classification.py:1561: UserWarning: Note that pos_label (set to 'Yes') is ignored when average != 'binary' (got 'weighted'). You may use labels=[pos_label] to specify a single positive class.
  warnings.warn(

2026-09-25 08:42:41,914:WARNING:c:\Users\laboratorio\Desktop\TIAS\PyCaret\.venv\Lib\site-packages\sklearn\metrics\_classification.py:1561: UserWarning: Note that pos_label (set to 'Yes') is ignored when average != 'binary' (got 'weighted'). You may use labels=[pos_label] to specify a single positive class.
  warnings.warn(

2026-09-25 08:42:41,914:WARNING:c:\Users\laboratorio\Desktop\TIAS\PyCaret\.venv\Lib\site-packages\sklearn\metrics\_classification.py:1561: UserWarning: Note that pos_label (set to 'Yes') is ignored when average != 'binary' (got 'weighted'). You may use labels=[pos_label] to specify a single positive class.
  warnings.warn(

2026-09-25 08:42:41,916:WARNING:c:\Users\laboratorio\Desktop\TIAS\PyCaret\.venv\Lib\site-packages\sklearn\metrics\_classification.py:1509: UndefinedMetricWarning: Precision is ill-defined and being set to 0.0 in labels with no predicted samples. Use `zero_division` parameter to control this behavior.
  _warn_prf(average, modifier, f"{metric.capitalize()} is", len(result))

2026-09-25 08:42:41,916:WARNING:c:\Users\laboratorio\Desktop\TIAS\PyCaret\.venv\Lib\site-packages\sklearn\metrics\_classification.py:1509: UndefinedMetricWarning: Precision is ill-defined and being set to 0.0 in labels with no predicted samples. Use `zero_division` parameter to control this behavior.
  _warn_prf(average, modifier, f"{metric.capitalize()} is", len(result))

2026-09-25 08:42:41,917:WARNING:c:\Users\laboratorio\Desktop\TIAS\PyCaret\.venv\Lib\site-packages\sklearn\metrics\_classification.py:1561: UserWarning: Note that pos_label (set to 'Yes') is ignored when average != 'binary' (got 'weighted'). You may use labels=[pos_label] to specify a single positive class.
  warnings.warn(

2026-09-25 08:42:41,917:WARNING:c:\Users\laboratorio\Desktop\TIAS\PyCaret\.venv\Lib\site-packages\sklearn\metrics\_classification.py:1561: UserWarning: Note that pos_label (set to 'Yes') is ignored when average != 'binary' (got 'weighted'). You may use labels=[pos_label] to specify a single positive class.
  warnings.warn(

2026-09-25 08:42:41,923:WARNING:c:\Users\laboratorio\Desktop\TIAS\PyCaret\.venv\Lib\site-packages\sklearn\metrics\_classification.py:1561: UserWarning: Note that pos_label (set to 'Yes') is ignored when average != 'binary' (got 'weighted'). You may use labels=[pos_label] to specify a single positive class.
  warnings.warn(

2026-09-25 08:42:41,926:WARNING:c:\Users\laboratorio\Desktop\TIAS\PyCaret\.venv\Lib\site-packages\sklearn\metrics\_classification.py:1561: UserWarning: Note that pos_label (set to 'Yes') is ignored when average != 'binary' (got 'weighted'). You may use labels=[pos_label] to specify a single positive class.
  warnings.warn(

2026-09-25 08:42:41,928:WARNING:c:\Users\laboratorio\Desktop\TIAS\PyCaret\.venv\Lib\site-packages\sklearn\metrics\_classification.py:1561: UserWarning: Note that pos_label (set to 'Yes') is ignored when average != 'binary' (got 'weighted'). You may use labels=[pos_label] to specify a single positive class.
  warnings.warn(

ier, f"{metric.capitalize()} is", len(result))

2026-09-25 08:42:41,929:WARNING:c:\Users\laboratorio\Desktop\TIAS\PyCaret\.venv\Lib\site-packages\sklearn\metrics\_classification.py:1561: UserWarning: Note that pos_label (set to 'Yes') is ignored when average != 'binary' (got 'weighted'). You may use labels=[pos_label] to specify a single positive class.
  warnings.warn(

2026-09-25 08:42:41,931:WARNING:c:\Users\laboratorio\Desktop\TIAS\PyCaret\.venv\Lib\site-packages\sklearn\metrics\_classification.py:1561: UserWarning: Note that pos_label (set to 'Yes') is ignored when average != 'binary' (got 'weighted'). You may use labels=[pos_label] to specify a single positive class.
  warnings.warn(

2026-09-25 08:42:41,932:WARNING:c:\Users\laboratorio\Desktop\TIAS\PyCaret\.venv\Lib\site-packages\sklearn\metrics\_classification.py:1509: UndefinedMetricWarning: Precision is ill-defined and being set to 0.0 in labels with no predicted samples. Use `zero_division` parameter to control this behavior.
  _warn_prf(average, modifier, f"{metric.capitalize()} is", len(result))

2026-09-25 08:42:41,934:WARNING:c:\Users\laboratorio\Desktop\TIAS\PyCaret\.venv\Lib\site-packages\sklearn\metrics\_classification.py:1561: UserWarning: Note that pos_label (set to 'Yes') is ignored when average != 'binary' (got 'weighted'). You may use labels=[pos_label] to specify a single positive class.
  warnings.warn(

2026-09-25 08:42:41,936:WARNING:c:\Users\laboratorio\Desktop\TIAS\PyCaret\.venv\Lib\site-packages\sklearn\metrics\_classification.py:1561: UserWarning: Note that pos_label (set to 'Yes') is ignored when average != 'binary' (got 'weighted'). You may use labels=[pos_label] to specify a single positive class.
  warnings.warn(

2026-09-25 08:42:41,939:WARNING:c:\Users\laboratorio\Desktop\TIAS\PyCaret\.venv\Lib\site-packages\sklearn\metrics\_classification.py:1561: UserWarning: Note that pos_label (set to 'Yes') is ignored when average != 'binary' (got 'weighted'). You may use labels=[pos_label] to specify a single positive class.
  warnings.warn(

2026-09-25 08:42:41,940:WARNING:c:\Users\laboratorio\Desktop\TIAS\PyCaret\.venv\Lib\site-packages\sklearn\metrics\_classification.py:1509: UndefinedMetricWarning: Precision is ill-defined and being set to 0.0 in labels with no predicted samples. Use `zero_division` parameter to control this behavior.
  _warn_prf(average, modifier, f"{metric.capitalize()} is", len(result))

2026-09-25 08:42:41,942:WARNING:c:\Users\laboratorio\Desktop\TIAS\PyCaret\.venv\Lib\site-packages\sklearn\metrics\_classification.py:1561: UserWarning: Note that pos_label (set to 'Yes') is ignored when average != 'binary' (got 'weighted'). You may use labels=[pos_label] to specify a single positive class.
  warnings.warn(

2026-09-25 08:42:41,942:WARNING:c:\Users\laboratorio\Desktop\TIAS\PyCaret\.venv\Lib\site-packages\sklearn\metrics\_classification.py:1561: UserWarning: Note that pos_label (set to 'Yes') is ignored when average != 'binary' (got 'weighted'). You may use labels=[pos_label] to specify a single positive class.
  warnings.warn(

2026-09-25 08:42:41,946:WARNING:c:\Users\laboratorio\Desktop\TIAS\PyCaret\.venv\Lib\site-packages\sklearn\metrics\_classification.py:1561: UserWarning: Note that pos_label (set to 'Yes') is ignored when average != 'binary' (got 'weighted'). You may use labels=[pos_label] to specify a single positive class.
  warnings.warn(

2026-09-25 08:42:41,947:WARNING:c:\Users\laboratorio\Desktop\TIAS\PyCaret\.venv\Lib\site-packages\sklearn\metrics\_classification.py:1509: UndefinedMetricWarning: Precision is ill-defined and being set to 0.0 in labels with no predicted samples. Use `zero_division` parameter to control this behavior.
  _warn_prf(average, modifier, f"{metric.capitalize()} is", len(result))

2026-09-25 08:42:41,949:WARNING:c:\Users\laboratorio\Desktop\TIAS\PyCaret\.venv\Lib\site-packages\sklearn\metrics\_classification.py:1561: UserWarning: Note that pos_label (set to 'Yes') is ignored when average != 'binary' (got 'weighted'). You may use labels=[pos_label] to specify a single positive class.
  warnings.warn(

2026-09-25 08:42:41,950:WARNING:c:\Users\laboratorio\Desktop\TIAS\PyCaret\.venv\Lib\site-packages\sklearn\metrics\_classification.py:1561: UserWarning: Note that pos_label (set to 'Yes') is ignored when average != 'binary' (got 'weighted'). You may use labels=[pos_label] to specify a single positive class.
  warnings.warn(

2026-09-25 08:42:41,953:WARNING:c:\Users\laboratorio\Desktop\TIAS\PyCaret\.venv\Lib\site-packages\sklearn\metrics\_classification.py:1561: UserWarning: Note that pos_label (set to 'Yes') is ignored when average != 'binary' (got 'weighted'). You may use labels=[pos_label] to specify a single positive class.
  warnings.warn(

2026-09-25 08:42:41,956:WARNING:c:\Users\laboratorio\Desktop\TIAS\PyCaret\.venv\Lib\site-packages\sklearn\metrics\_classification.py:1509: UndefinedMetricWarning: Precision is ill-defined and being set to 0.0 in labels with no predicted samples. Use `zero_division` parameter to control this behavior.
  _warn_prf(average, modifier, f"{metric.capitalize()} is", len(result))

2026-09-25 08:42:41,957:WARNING:c:\Users\laboratorio\Desktop\TIAS\PyCaret\.venv\Lib\site-packages\sklearn\metrics\_classification.py:1561: UserWarning: Note that pos_label (set to 'Yes') is ignored when average != 'binary' (got 'weighted'). You may use labels=[pos_label] to specify a single positive class.
  warnings.warn(

2026-09-25 08:42:41,964:INFO:Calculating mean and std
2026-09-25 08:42:41,965:INFO:Creating metrics dataframe
2026-09-25 08:42:41,966:INFO:Uploading results into container
2026-09-25 08:42:41,966:INFO:Uploading model into container now
2026-09-25 08:42:41,966:INFO:_master_model_container: 10
2026-09-25 08:42:41,966:INFO:_display_container: 2
2026-09-25 08:42:41,968:INFO:GradientBoostingClassifier(ccp_alpha=0.0, criterion='friedman_mse', init=None,
                           learning_rate=0.1, loss='log_loss', max_depth=3,
                           max_features=None, max_leaf_nodes=None,
                           min_impurity_decrease=0.0, min_samples_leaf=1,
                           min_samples_split=2, min_weight_fraction_leaf=0.0,
                           n_estimators=100, n_iter_no_change=None,
                           random_state=123, subsample=1.0, tol=0.0001,
                           validation_fraction=0.1, verbose=0,
                           warm_start=False)
2026-09-25 08:42:41,968:INFO:create_model() successfully completed......................................
2026-09-25 08:42:42,020:INFO:SubProcess create_model() end ==================================
2026-09-25 08:42:42,020:INFO:Creating metrics dataframe
2026-09-25 08:42:42,024:INFO:Initializing Linear Discriminant Analysis
2026-09-25 08:42:42,024:INFO:Total runtime is 0.19994469086329142 minutes
2026-09-25 08:42:42,028:INFO:SubProcess create_model() called ==================================
2026-09-25 08:42:42,028:INFO:Initializing create_model()
2026-09-25 08:42:42,028:INFO:create_model(self=<pycaret.classification.oop.ClassificationExperiment object at 0x000001CB16FA2A50>, estimator=lda, fold=StratifiedKFold(n_splits=10, random_state=None, shuffle=False), round=4, cross_validation=True, predict=True, fit_kwargs={}, groups=None, refit=False, probability_threshold=None, experiment_custom_tags=None, verbose=False, system=False, add_to_model_list=True, metrics=None, display=<pycaret.internal.display.display.CommonDisplay object at 0x000001CB170ECCD0>, model_only=True, return_train_score=False, error_score=0.0, kwargs={})
2026-09-25 08:42:42,028:INFO:Checking exceptions
2026-09-25 08:42:42,028:INFO:Importing libraries
2026-09-25 08:42:42,028:INFO:Copying training dataset
2026-09-25 08:42:42,032:INFO:Defining folds
2026-09-25 08:42:42,032:INFO:Declaring metric variables
2026-09-25 08:42:42,034:INFO:Importing untrained model
2026-09-25 08:42:42,037:INFO:Linear Discriminant Analysis Imported successfully
2026-09-25 08:42:42,042:INFO:Starting cross validation
2026-09-25 08:42:42,045:INFO:Cross validating with StratifiedKFold(n_splits=10, random_state=None, shuffle=False), n_jobs=-1
2026-09-25 08:42:42,483:WARNING:c:\Users\laboratorio\Desktop\TIAS\PyCaret\.venv\Lib\site-packages\sklearn\metrics\_classification.py:1561: UserWarning: Note that pos_label (set to 'Yes') is ignored when average != 'binary' (got 'weighted'). You may use labels=[pos_label] to specify a single positive class.
  warnings.warn(

2026-09-25 08:42:42,488:WARNING:c:\Users\laboratorio\Desktop\TIAS\PyCaret\.venv\Lib\site-packages\sklearn\metrics\_classification.py:1561: UserWarning: Note that pos_label (set to 'Yes') is ignored when average != 'binary' (got 'weighted'). You may use labels=[pos_label] to specify a single positive class.
  warnings.warn(

2026-09-25 08:42:42,491:WARNING:c:\Users\laboratorio\Desktop\TIAS\PyCaret\.venv\Lib\site-packages\sklearn\metrics\_classification.py:1509: UndefinedMetricWarning: Precision is ill-defined and being set to 0.0 in labels with no predicted samples. Use `zero_division` parameter to control this behavior.
  _warn_prf(average, modifier, f"{metric.capitalize()} is", len(result))

2026-09-25 08:42:42,493:WARNING:c:\Users\laboratorio\Desktop\TIAS\PyCaret\.venv\Lib\site-packages\sklearn\metrics\_classification.py:1561: UserWarning: Note that pos_label (set to 'Yes') is ignored when average != 'binary' (got 'weighted'). You may use labels=[pos_label] to specify a single positive class.
  warnings.warn(

2026-09-25 08:42:42,496:WARNING:c:\Users\laboratorio\Desktop\TIAS\PyCaret\.venv\Lib\site-packages\sklearn\metrics\_classification.py:1561: UserWarning: Note that pos_label (set to 'Yes') is ignored when average != 'binary' (got 'weighted'). You may use labels=[pos_label] to specify a single positive class.
  warnings.warn(

2026-09-25 08:42:42,499:WARNING:c:\Users\laboratorio\Desktop\TIAS\PyCaret\.venv\Lib\site-packages\sklearn\metrics\_classification.py:1561: UserWarning: Note that pos_label (set to 'Yes') is ignored when average != 'binary' (got 'weighted'). You may use labels=[pos_label] to specify a single positive class.
  warnings.warn(

2026-09-25 08:42:42,500:WARNING:c:\Users\laboratorio\Desktop\TIAS\PyCaret\.venv\Lib\site-packages\sklearn\metrics\_classification.py:1561: UserWarning: Note that pos_label (set to 'Yes') is ignored when average != 'binary' (got 'weighted'). You may use labels=[pos_label] to specify a single positive class.
  warnings.warn(

2026-09-25 08:42:42,502:WARNING:c:\Users\laboratorio\Desktop\TIAS\PyCaret\.venv\Lib\site-packages\sklearn\metrics\_classification.py:1561: UserWarning: Note that pos_label (set to 'Yes') is ignored when average != 'binary' (got 'weighted'). You may use labels=[pos_label] to specify a single positive class.
  warnings.warn(

2026-09-25 08:42:42,503:WARNING:c:\Users\laboratorio\Desktop\TIAS\PyCaret\.venv\Lib\site-packages\sklearn\metrics\_classification.py:1561: UserWarning: Note that pos_label (set to 'Yes') is ignored when average != 'binary' (got 'weighted'). You may use labels=[pos_label] to specify a single positive class.
  warnings.warn(

2026-09-25 08:42:42,503:WARNING:c:\Users\laboratorio\Desktop\TIAS\PyCaret\.venv\Lib\site-packages\sklearn\metrics\_classification.py:1509: UndefinedMetricWarning: Precision is ill-defined and being set to 0.0 in labels with no predicted samples. Use `zero_division` parameter to control this behavior.
  _warn_prf(average, modifier, f"{metric.capitalize()} is", len(result))

2026-09-25 08:42:42,505:WARNING:c:\Users\laboratorio\Desktop\TIAS\PyCaret\.venv\Lib\site-packages\sklearn\metrics\_classification.py:1509: UndefinedMetricWarning: Precision is ill-defined and being set to 0.0 in labels with no predicted samples. Use `zero_division` parameter to control this behavior.
  _warn_prf(average, modifier, f"{metric.capitalize()} is", len(result))

2026-09-25 08:42:42,505:WARNING:c:\Users\laboratorio\Desktop\TIAS\PyCaret\.venv\Lib\site-packages\sklearn\metrics\_classification.py:1561: UserWarning: Note that pos_label (set to 'Yes') is ignored when average != 'binary' (got 'weighted'). You may use labels=[pos_label] to specify a single positive class.
  warnings.warn(

2026-09-25 08:42:42,505:WARNING:c:\Users\laboratorio\Desktop\TIAS\PyCaret\.venv\Lib\site-packages\sklearn\metrics\_classification.py:1561: UserWarning: Note that pos_label (set to 'Yes') is ignored when average != 'binary' (got 'weighted'). You may use labels=[pos_label] to specify a single positive class.
  warnings.warn(

2026-09-25 08:42:42,506:WARNING:c:\Users\laboratorio\Desktop\TIAS\PyCaret\.venv\Lib\site-packages\sklearn\metrics\_classification.py:1561: UserWarning: Note that pos_label (set to 'Yes') is ignored when average != 'binary' (got 'weighted'). You may use labels=[pos_label] to specify a single positive class.
  warnings.warn(

2026-09-25 08:42:42,506:WARNING:c:\Users\laboratorio\Desktop\TIAS\PyCaret\.venv\Lib\site-packages\sklearn\metrics\_classification.py:1509: UndefinedMetricWarning: Precision is ill-defined and being set to 0.0 in labels with no predicted samples. Use `zero_division` parameter to control this behavior.
  _warn_prf(average, modifier, f"{metric.capitalize()} is", len(result))

2026-09-25 08:42:42,506:WARNING:c:\Users\laboratorio\Desktop\TIAS\PyCaret\.venv\Lib\site-packages\sklearn\metrics\_classification.py:1561: UserWarning: Note that pos_label (set to 'Yes') is ignored when average != 'binary' (got 'weighted'). You may use labels=[pos_label] to specify a single positive class.
  warnings.warn(

2026-09-25 08:42:42,509:WARNING:c:\Users\laboratorio\Desktop\TIAS\PyCaret\.venv\Lib\site-packages\sklearn\metrics\_classification.py:1561: UserWarning: Note that pos_label (set to 'Yes') is ignored when average != 'binary' (got 'weighted'). You may use labels=[pos_label] to specify a single positive class.
  warnings.warn(

2026-09-25 08:42:42,511:WARNING:c:\Users\laboratorio\Desktop\TIAS\PyCaret\.venv\Lib\site-packages\sklearn\metrics\_classification.py:1561: UserWarning: Note that pos_label (set to 'Yes') is ignored when average != 'binary' (got 'weighted'). You may use labels=[pos_label] to specify a single positive class.
  warnings.warn(

2026-09-25 08:42:42,512:WARNING:c:\Users\laboratorio\Desktop\TIAS\PyCaret\.venv\Lib\site-packages\sklearn\metrics\_classification.py:1561: UserWarning: Note that pos_label (set to 'Yes') is ignored when average != 'binary' (got 'weighted'). You may use labels=[pos_label] to specify a single positive class.
  warnings.warn(

2026-09-25 08:42:42,512:WARNING:c:\Users\laboratorio\Desktop\TIAS\PyCaret\.venv\Lib\site-packages\sklearn\metrics\_classification.py:1561: UserWarning: Note that pos_label (set to 'Yes') is ignored when average != 'binary' (got 'weighted'). You may use labels=[pos_label] to specify a single positive class.
  warnings.warn(

2026-09-25 08:42:42,514:WARNING:c:\Users\laboratorio\Desktop\TIAS\PyCaret\.venv\Lib\site-packages\sklearn\metrics\_classification.py:1509: UndefinedMetricWarning: Precision is ill-defined and being set to 0.0 in labels with no predicted samples. Use `zero_division` parameter to control this behavior.
  _warn_prf(average, modifier, f"{metric.capitalize()} is", len(result))

2026-09-25 08:42:42,514:WARNING:c:\Users\laboratorio\Desktop\TIAS\PyCaret\.venv\Lib\site-packages\sklearn\metrics\_classification.py:1561: UserWarning: Note that pos_label (set to 'Yes') is ignored when average != 'binary' (got 'weighted'). You may use labels=[pos_label] to specify a single positive class.
  warnings.warn(

2026-09-25 08:42:42,515:WARNING:c:\Users\laboratorio\Desktop\TIAS\PyCaret\.venv\Lib\site-packages\sklearn\metrics\_classification.py:1561: UserWarning: Note that pos_label (set to 'Yes') is ignored when average != 'binary' (got 'weighted'). You may use labels=[pos_label] to specify a single positive class.
  warnings.warn(

2026-09-25 08:42:42,515:WARNING:c:\Users\laboratorio\Desktop\TIAS\PyCaret\.venv\Lib\site-packages\sklearn\metrics\_classification.py:1561: UserWarning: Note that pos_label (set to 'Yes') is ignored when average != 'binary' (got 'weighted'). You may use labels=[pos_label] to specify a single positive class.
  warnings.warn(

2026-09-25 08:42:42,515:WARNING:c:\Users\laboratorio\Desktop\TIAS\PyCaret\.venv\Lib\site-packages\sklearn\metrics\_classification.py:1561: UserWarning: Note that pos_label (set to 'Yes') is ignored when average != 'binary' (got 'weighted'). You may use labels=[pos_label] to specify a single positive class.
  warnings.warn(

2026-09-25 08:42:42,517:WARNING:c:\Users\laboratorio\Desktop\TIAS\PyCaret\.venv\Lib\site-packages\sklearn\metrics\_classification.py:1509: UndefinedMetricWarning: Precision is ill-defined and being set to 0.0 in labels with no predicted samples. Use `zero_division` parameter to control this behavior.
  _warn_prf(average, modifier, f"{metric.capitalize()} is", len(result))

2026-09-25 08:42:42,517:WARNING:c:\Users\laboratorio\Desktop\TIAS\PyCaret\.venv\Lib\site-packages\sklearn\metrics\_classification.py:1561: UserWarning: Note that pos_label (set to 'Yes') is ignored when average != 'binary' (got 'weighted'). You may use labels=[pos_label] to specify a single positive class.
  warnings.warn(

2026-09-25 08:42:42,517:WARNING:c:\Users\laboratorio\Desktop\TIAS\PyCaret\.venv\Lib\site-packages\sklearn\metrics\_classification.py:1509: UndefinedMetricWarning: Precision is ill-defined and being set to 0.0 in labels with no predicted samples. Use `zero_division` parameter to control this behavior.
  _warn_prf(average, modifier, f"{metric.capitalize()} is", len(result))

2026-09-25 08:42:42,517:WARNING:c:\Users\laboratorio\Desktop\TIAS\PyCaret\.venv\Lib\site-packages\sklearn\metrics\_classification.py:1561: UserWarning: Note that pos_label (set to 'Yes') is ignored when average != 'binary' (got 'weighted'). You may use labels=[pos_label] to specify a single positive class.
  warnings.warn(

2026-09-25 08:42:42,519:WARNING:c:\Users\laboratorio\Desktop\TIAS\PyCaret\.venv\Lib\site-packages\sklearn\metrics\_classification.py:1509: UndefinedMetricWarning: Precision is ill-defined and being set to 0.0 in labels with no predicted samples. Use `zero_division` parameter to control this behavior.
  _warn_prf(average, modifier, f"{metric.capitalize()} is", len(result))

2026-09-25 08:42:42,520:WARNING:c:\Users\laboratorio\Desktop\TIAS\PyCaret\.venv\Lib\site-packages\sklearn\metrics\_classification.py:1561: UserWarning: Note that pos_label (set to 'Yes') is ignored when average != 'binary' (got 'weighted'). You may use labels=[pos_label] to specify a single positive class.
  warnings.warn(

2026-09-25 08:42:42,520:WARNING:c:\Users\laboratorio\Desktop\TIAS\PyCaret\.venv\Lib\site-packages\sklearn\metrics\_classification.py:1561: UserWarning: Note that pos_label (set to 'Yes') is ignored when average != 'binary' (got 'weighted'). You may use labels=[pos_label] to specify a single positive class.
  warnings.warn(

2026-09-25 08:42:42,524:WARNING:c:\Users\laboratorio\Desktop\TIAS\PyCaret\.venv\Lib\site-packages\sklearn\metrics\_classification.py:1561: UserWarning: Note that pos_label (set to 'Yes') is ignored when average != 'binary' (got 'weighted'). You may use labels=[pos_label] to specify a single positive class.
  warnings.warn(

2026-09-25 08:42:42,525:WARNING:c:\Users\laboratorio\Desktop\TIAS\PyCaret\.venv\Lib\site-packages\sklearn\metrics\_classification.py:1561: UserWarning: Note that pos_label (set to 'Yes') is ignored when average != 'binary' (got 'weighted'). You may use labels=[pos_label] to specify a single positive class.
  warnings.warn(

2026-09-25 08:42:42,526:WARNING:c:\Users\laboratorio\Desktop\TIAS\PyCaret\.venv\Lib\site-packages\sklearn\metrics\_classification.py:1561: UserWarning: Note that pos_label (set to 'Yes') is ignored when average != 'binary' (got 'weighted'). You may use labels=[pos_label] to specify a single positive class.
  warnings.warn(

2026-09-25 08:42:42,528:WARNING:c:\Users\laboratorio\Desktop\TIAS\PyCaret\.venv\Lib\site-packages\sklearn\metrics\_classification.py:1561: UserWarning: Note that pos_label (set to 'Yes') is ignored when average != 'binary' (got 'weighted'). You may use labels=[pos_label] to specify a single positive class.
  warnings.warn(

2026-09-25 08:42:42,528:WARNING:c:\Users\laboratorio\Desktop\TIAS\PyCaret\.venv\Lib\site-packages\sklearn\metrics\_classification.py:1509: UndefinedMetricWarning: Precision is ill-defined and being set to 0.0 in labels with no predicted samples. Use `zero_division` parameter to control this behavior.
  _warn_prf(average, modifier, f"{metric.capitalize()} is", len(result))

2026-09-25 08:42:42,528:WARNING:c:\Users\laboratorio\Desktop\TIAS\PyCaret\.venv\Lib\site-packages\sklearn\metrics\_classification.py:1509: UndefinedMetricWarning: Precision is ill-defined and being set to 0.0 in labels with no predicted samples. Use `zero_division` parameter to control this behavior.
  _warn_prf(average, modifier, f"{metric.capitalize()} is", len(result))

2026-09-25 08:42:42,529:WARNING:c:\Users\laboratorio\Desktop\TIAS\PyCaret\.venv\Lib\site-packages\sklearn\metrics\_classification.py:1561: UserWarning: Note that pos_label (set to 'Yes') is ignored when average != 'binary' (got 'weighted'). You may use labels=[pos_label] to specify a single positive class.
  warnings.warn(

2026-09-25 08:42:42,529:WARNING:c:\Users\laboratorio\Desktop\TIAS\PyCaret\.venv\Lib\site-packages\sklearn\metrics\_classification.py:1561: UserWarning: Note that pos_label (set to 'Yes') is ignored when average != 'binary' (got 'weighted'). You may use labels=[pos_label] to specify a single positive class.
  warnings.warn(

2026-09-25 08:42:42,540:INFO:Calculating mean and std
2026-09-25 08:42:42,540:INFO:Creating metrics dataframe
2026-09-25 08:42:42,542:INFO:Uploading results into container
2026-09-25 08:42:42,542:INFO:Uploading model into container now
2026-09-25 08:42:42,542:INFO:_master_model_container: 11
2026-09-25 08:42:42,542:INFO:_display_container: 2
2026-09-25 08:42:42,543:INFO:LinearDiscriminantAnalysis(covariance_estimator=None, n_components=None,
                           priors=None, shrinkage=None, solver='svd',
                           store_covariance=False, tol=0.0001)
2026-09-25 08:42:42,543:INFO:create_model() successfully completed......................................
2026-09-25 08:42:42,599:INFO:SubProcess create_model() end ==================================
2026-09-25 08:42:42,599:INFO:Creating metrics dataframe
2026-09-25 08:42:42,603:INFO:Initializing Extra Trees Classifier
2026-09-25 08:42:42,603:INFO:Total runtime is 0.20960168838500975 minutes
2026-09-25 08:42:42,606:INFO:SubProcess create_model() called ==================================
2026-09-25 08:42:42,606:INFO:Initializing create_model()
2026-09-25 08:42:42,606:INFO:create_model(self=<pycaret.classification.oop.ClassificationExperiment object at 0x000001CB16FA2A50>, estimator=et, fold=StratifiedKFold(n_splits=10, random_state=None, shuffle=False), round=4, cross_validation=True, predict=True, fit_kwargs={}, groups=None, refit=False, probability_threshold=None, experiment_custom_tags=None, verbose=False, system=False, add_to_model_list=True, metrics=None, display=<pycaret.internal.display.display.CommonDisplay object at 0x000001CB170ECCD0>, model_only=True, return_train_score=False, error_score=0.0, kwargs={})
2026-09-25 08:42:42,606:INFO:Checking exceptions
2026-09-25 08:42:42,606:INFO:Importing libraries
2026-09-25 08:42:42,606:INFO:Copying training dataset
2026-09-25 08:42:42,610:INFO:Defining folds
2026-09-25 08:42:42,610:INFO:Declaring metric variables
2026-09-25 08:42:42,612:INFO:Importing untrained model
2026-09-25 08:42:42,614:INFO:Extra Trees Classifier Imported successfully
2026-09-25 08:42:42,617:INFO:Starting cross validation
2026-09-25 08:42:42,620:INFO:Cross validating with StratifiedKFold(n_splits=10, random_state=None, shuffle=False), n_jobs=-1
2026-09-25 08:42:43,330:WARNING:c:\Users\laboratorio\Desktop\TIAS\PyCaret\.venv\Lib\site-packages\sklearn\metrics\_classification.py:1561: UserWarning: Note that pos_label (set to 'Yes') is ignored when average != 'binary' (got 'weighted'). You may use labels=[pos_label] to specify a single positive class.
  warnings.warn(

2026-09-25 08:42:43,333:WARNING:c:\Users\laboratorio\Desktop\TIAS\PyCaret\.venv\Lib\site-packages\sklearn\metrics\_classification.py:1561: UserWarning: Note that pos_label (set to 'Yes') is ignored when average != 'binary' (got 'weighted'). You may use labels=[pos_label] to specify a single positive class.
  warnings.warn(

2026-09-25 08:42:43,335:WARNING:c:\Users\laboratorio\Desktop\TIAS\PyCaret\.venv\Lib\site-packages\sklearn\metrics\_classification.py:1561: UserWarning: Note that pos_label (set to 'Yes') is ignored when average != 'binary' (got 'weighted'). You may use labels=[pos_label] to specify a single positive class.
  warnings.warn(

2026-09-25 08:42:43,337:WARNING:c:\Users\laboratorio\Desktop\TIAS\PyCaret\.venv\Lib\site-packages\sklearn\metrics\_classification.py:1561: UserWarning: Note that pos_label (set to 'Yes') is ignored when average != 'binary' (got 'weighted'). You may use labels=[pos_label] to specify a single positive class.
  warnings.warn(

2026-09-25 08:42:43,338:WARNING:c:\Users\laboratorio\Desktop\TIAS\PyCaret\.venv\Lib\site-packages\sklearn\metrics\_classification.py:1561: UserWarning: Note that pos_label (set to 'Yes') is ignored when average != 'binary' (got 'weighted'). You may use labels=[pos_label] to specify a single positive class.
  warnings.warn(

2026-09-25 08:42:43,340:WARNING:c:\Users\laboratorio\Desktop\TIAS\PyCaret\.venv\Lib\site-packages\sklearn\metrics\_classification.py:1561: UserWarning: Note that pos_label (set to 'Yes') is ignored when average != 'binary' (got 'weighted'). You may use labels=[pos_label] to specify a single positive class.
  warnings.warn(

2026-09-25 08:42:43,347:WARNING:c:\Users\laboratorio\Desktop\TIAS\PyCaret\.venv\Lib\site-packages\sklearn\metrics\_classification.py:1561: UserWarning: Note that pos_label (set to 'Yes') is ignored when average != 'binary' (got 'weighted'). You may use labels=[pos_label] to specify a single positive class.
  warnings.warn(

2026-09-25 08:42:43,352:WARNING:c:\Users\laboratorio\Desktop\TIAS\PyCaret\.venv\Lib\site-packages\sklearn\metrics\_classification.py:1561: UserWarning: Note that pos_label (set to 'Yes') is ignored when average != 'binary' (got 'weighted'). You may use labels=[pos_label] to specify a single positive class.
  warnings.warn(

2026-09-25 08:42:43,352:WARNING:c:\Users\laboratorio\Desktop\TIAS\PyCaret\.venv\Lib\site-packages\sklearn\metrics\_classification.py:1561: UserWarning: Note that pos_label (set to 'Yes') is ignored when average != 'binary' (got 'weighted'). You may use labels=[pos_label] to specify a single positive class.
  warnings.warn(

2026-09-25 08:42:43,355:WARNING:c:\Users\laboratorio\Desktop\TIAS\PyCaret\.venv\Lib\site-packages\sklearn\metrics\_classification.py:1561: UserWarning: Note that pos_label (set to 'Yes') is ignored when average != 'binary' (got 'weighted'). You may use labels=[pos_label] to specify a single positive class.
  warnings.warn(

2026-09-25 08:42:43,355:WARNING:c:\Users\laboratorio\Desktop\TIAS\PyCaret\.venv\Lib\site-packages\sklearn\metrics\_classification.py:1561: UserWarning: Note that pos_label (set to 'Yes') is ignored when average != 'binary' (got 'weighted'). You may use labels=[pos_label] to specify a single positive class.
  warnings.warn(

2026-09-25 08:42:43,358:WARNING:c:\Users\laboratorio\Desktop\TIAS\PyCaret\.venv\Lib\site-packages\sklearn\metrics\_classification.py:1561: UserWarning: Note that pos_label (set to 'Yes') is ignored when average != 'binary' (got 'weighted'). You may use labels=[pos_label] to specify a single positive class.
  warnings.warn(

2026-09-25 08:42:43,362:WARNING:c:\Users\laboratorio\Desktop\TIAS\PyCaret\.venv\Lib\site-packages\sklearn\metrics\_classification.py:1561: UserWarning: Note that pos_label (set to 'Yes') is ignored when average != 'binary' (got 'weighted'). You may use labels=[pos_label] to specify a single positive class.
  warnings.warn(

2026-09-25 08:42:43,365:WARNING:c:\Users\laboratorio\Desktop\TIAS\PyCaret\.venv\Lib\site-packages\sklearn\metrics\_classification.py:1561: UserWarning: Note that pos_label (set to 'Yes') is ignored when average != 'binary' (got 'weighted'). You may use labels=[pos_label] to specify a single positive class.
  warnings.warn(

2026-09-25 08:42:43,365:WARNING:c:\Users\laboratorio\Desktop\TIAS\PyCaret\.venv\Lib\site-packages\sklearn\metrics\_classification.py:1561: UserWarning: Note that pos_label (set to 'Yes') is ignored when average != 'binary' (got 'weighted'). You may use labels=[pos_label] to specify a single positive class.
  warnings.warn(

2026-09-25 08:42:43,367:WARNING:c:\Users\laboratorio\Desktop\TIAS\PyCaret\.venv\Lib\site-packages\sklearn\metrics\_classification.py:1561: UserWarning: Note that pos_label (set to 'Yes') is ignored when average != 'binary' (got 'weighted'). You may use labels=[pos_label] to specify a single positive class.
  warnings.warn(

2026-09-25 08:42:43,369:WARNING:c:\Users\laboratorio\Desktop\TIAS\PyCaret\.venv\Lib\site-packages\sklearn\metrics\_classification.py:1561: UserWarning: Note that pos_label (set to 'Yes') is ignored when average != 'binary' (got 'weighted'). You may use labels=[pos_label] to specify a single positive class.
  warnings.warn(

2026-09-25 08:42:43,370:WARNING:c:\Users\laboratorio\Desktop\TIAS\PyCaret\.venv\Lib\site-packages\sklearn\metrics\_classification.py:1561: UserWarning: Note that pos_label (set to 'Yes') is ignored when average != 'binary' (got 'weighted'). You may use labels=[pos_label] to specify a single positive class.
  warnings.warn(

2026-09-25 08:42:43,376:WARNING:c:\Users\laboratorio\Desktop\TIAS\PyCaret\.venv\Lib\site-packages\sklearn\metrics\_classification.py:1561: UserWarning: Note that pos_label (set to 'Yes') is ignored when average != 'binary' (got 'weighted'). You may use labels=[pos_label] to specify a single positive class.
  warnings.warn(

2026-09-25 08:42:43,380:WARNING:c:\Users\laboratorio\Desktop\TIAS\PyCaret\.venv\Lib\site-packages\sklearn\metrics\_classification.py:1561: UserWarning: Note that pos_label (set to 'Yes') is ignored when average != 'binary' (got 'weighted'). You may use labels=[pos_label] to specify a single positive class.
  warnings.warn(

2026-09-25 08:42:43,382:WARNING:c:\Users\laboratorio\Desktop\TIAS\PyCaret\.venv\Lib\site-packages\sklearn\metrics\_classification.py:1509: UndefinedMetricWarning: Precision is ill-defined and being set to 0.0 in labels with no predicted samples. Use `zero_division` parameter to control this behavior.
  _warn_prf(average, modifier, f"{metric.capitalize()} is", len(result))

2026-09-25 08:42:43,383:WARNING:c:\Users\laboratorio\Desktop\TIAS\PyCaret\.venv\Lib\site-packages\sklearn\metrics\_classification.py:1561: UserWarning: Note that pos_label (set to 'Yes') is ignored when average != 'binary' (got 'weighted'). You may use labels=[pos_label] to specify a single positive class.
  warnings.warn(

2026-09-25 08:42:43,392:WARNING:c:\Users\laboratorio\Desktop\TIAS\PyCaret\.venv\Lib\site-packages\sklearn\metrics\_classification.py:1561: UserWarning: Note that pos_label (set to 'Yes') is ignored when average != 'binary' (got 'weighted'). You may use labels=[pos_label] to specify a single positive class.
  warnings.warn(

2026-09-25 08:42:43,396:WARNING:c:\Users\laboratorio\Desktop\TIAS\PyCaret\.venv\Lib\site-packages\sklearn\metrics\_classification.py:1561: UserWarning: Note that pos_label (set to 'Yes') is ignored when average != 'binary' (got 'weighted'). You may use labels=[pos_label] to specify a single positive class.
  warnings.warn(

2026-09-25 08:42:43,399:WARNING:c:\Users\laboratorio\Desktop\TIAS\PyCaret\.venv\Lib\site-packages\sklearn\metrics\_classification.py:1561: UserWarning: Note that pos_label (set to 'Yes') is ignored when average != 'binary' (got 'weighted'). You may use labels=[pos_label] to specify a single positive class.
  warnings.warn(

2026-09-25 08:42:43,399:WARNING:c:\Users\laboratorio\Desktop\TIAS\PyCaret\.venv\Lib\site-packages\sklearn\metrics\_classification.py:1561: UserWarning: Note that pos_label (set to 'Yes') is ignored when average != 'binary' (got 'weighted'). You may use labels=[pos_label] to specify a single positive class.
  warnings.warn(

2026-09-25 08:42:43,402:WARNING:c:\Users\laboratorio\Desktop\TIAS\PyCaret\.venv\Lib\site-packages\sklearn\metrics\_classification.py:1561: UserWarning: Note that pos_label (set to 'Yes') is ignored when average != 'binary' (got 'weighted'). You may use labels=[pos_label] to specify a single positive class.
  warnings.warn(

2026-09-25 08:42:43,404:WARNING:c:\Users\laboratorio\Desktop\TIAS\PyCaret\.venv\Lib\site-packages\sklearn\metrics\_classification.py:1561: UserWarning: Note that pos_label (set to 'Yes') is ignored when average != 'binary' (got 'weighted'). You may use labels=[pos_label] to specify a single positive class.
  warnings.warn(

2026-09-25 08:42:43,414:WARNING:c:\Users\laboratorio\Desktop\TIAS\PyCaret\.venv\Lib\site-packages\sklearn\metrics\_classification.py:1561: UserWarning: Note that pos_label (set to 'Yes') is ignored when average != 'binary' (got 'weighted'). You may use labels=[pos_label] to specify a single positive class.
  warnings.warn(

2026-09-25 08:42:43,415:WARNING:c:\Users\laboratorio\Desktop\TIAS\PyCaret\.venv\Lib\site-packages\sklearn\metrics\_classification.py:1561: UserWarning: Note that pos_label (set to 'Yes') is ignored when average != 'binary' (got 'weighted'). You may use labels=[pos_label] to specify a single positive class.
  warnings.warn(

2026-09-25 08:42:43,418:WARNING:c:\Users\laboratorio\Desktop\TIAS\PyCaret\.venv\Lib\site-packages\sklearn\metrics\_classification.py:1561: UserWarning: Note that pos_label (set to 'Yes') is ignored when average != 'binary' (got 'weighted'). You may use labels=[pos_label] to specify a single positive class.
  warnings.warn(

2026-09-25 08:42:43,429:INFO:Calculating mean and std
2026-09-25 08:42:43,429:INFO:Creating metrics dataframe
2026-09-25 08:42:43,431:INFO:Uploading results into container
2026-09-25 08:42:43,432:INFO:Uploading model into container now
2026-09-25 08:42:43,432:INFO:_master_model_container: 12
2026-09-25 08:42:43,432:INFO:_display_container: 2
2026-09-25 08:42:43,432:INFO:ExtraTreesClassifier(bootstrap=False, ccp_alpha=0.0, class_weight=None,
                     criterion='gini', max_depth=None, max_features='sqrt',
                     max_leaf_nodes=None, max_samples=None,
                     min_impurity_decrease=0.0, min_samples_leaf=1,
                     min_samples_split=2, min_weight_fraction_leaf=0.0,
                     monotonic_cst=None, n_estimators=100, n_jobs=-1,
                     oob_score=False, random_state=123, verbose=0,
                     warm_start=False)
2026-09-25 08:42:43,432:INFO:create_model() successfully completed......................................
2026-09-25 08:42:43,487:INFO:SubProcess create_model() end ==================================
2026-09-25 08:42:43,487:INFO:Creating metrics dataframe
2026-09-25 08:42:43,492:INFO:Initializing Light Gradient Boosting Machine
2026-09-25 08:42:43,493:INFO:Total runtime is 0.22442901929219564 minutes
2026-09-25 08:42:43,494:INFO:SubProcess create_model() called ==================================
2026-09-25 08:42:43,496:INFO:Initializing create_model()
2026-09-25 08:42:43,496:INFO:create_model(self=<pycaret.classification.oop.ClassificationExperiment object at 0x000001CB16FA2A50>, estimator=lightgbm, fold=StratifiedKFold(n_splits=10, random_state=None, shuffle=False), round=4, cross_validation=True, predict=True, fit_kwargs={}, groups=None, refit=False, probability_threshold=None, experiment_custom_tags=None, verbose=False, system=False, add_to_model_list=True, metrics=None, display=<pycaret.internal.display.display.CommonDisplay object at 0x000001CB170ECCD0>, model_only=True, return_train_score=False, error_score=0.0, kwargs={})
2026-09-25 08:42:43,496:INFO:Checking exceptions
2026-09-25 08:42:43,496:INFO:Importing libraries
2026-09-25 08:42:43,496:INFO:Copying training dataset
2026-09-25 08:42:43,499:INFO:Defining folds
2026-09-25 08:42:43,499:INFO:Declaring metric variables
2026-09-25 08:42:43,501:INFO:Importing untrained model
2026-09-25 08:42:43,503:INFO:Light Gradient Boosting Machine Imported successfully
2026-09-25 08:42:43,506:INFO:Starting cross validation
2026-09-25 08:42:43,507:INFO:Cross validating with StratifiedKFold(n_splits=10, random_state=None, shuffle=False), n_jobs=-1
2026-09-25 08:42:44,123:WARNING:create_model() for lightgbm raised an exception or returned all 0.0, trying without fit_kwargs:
2026-09-25 08:42:44,124:WARNING:Traceback (most recent call last):
  File "c:\Users\laboratorio\Desktop\TIAS\PyCaret\.venv\Lib\site-packages\pycaret\internal\pycaret_experiment\supervised_experiment.py", line 794, in compare_models
    model, model_fit_time = self._create_model(**create_model_args)
                            ^^^^^^^^^^^^^^^^^^^^^^^^^^^^^^^^^^^^^^^
  File "c:\Users\laboratorio\Desktop\TIAS\PyCaret\.venv\Lib\site-packages\pycaret\internal\pycaret_experiment\supervised_experiment.py", line 1533, in _create_model
    model, model_fit_time, model_results, _ = self._create_model_with_cv(
                                              ^^^^^^^^^^^^^^^^^^^^^^^^^^^
  File "c:\Users\laboratorio\Desktop\TIAS\PyCaret\.venv\Lib\site-packages\pycaret\internal\pycaret_experiment\supervised_experiment.py", line 1126, in _create_model_with_cv
    scores = cross_validate(
             ^^^^^^^^^^^^^^^
  File "c:\Users\laboratorio\Desktop\TIAS\PyCaret\.venv\Lib\site-packages\sklearn\utils\_param_validation.py", line 213, in wrapper
    return func(*args, **kwargs)
           ^^^^^^^^^^^^^^^^^^^^^
  File "c:\Users\laboratorio\Desktop\TIAS\PyCaret\.venv\Lib\site-packages\sklearn\model_selection\_validation.py", line 450, in cross_validate
    _warn_or_raise_about_fit_failures(results, error_score)
  File "c:\Users\laboratorio\Desktop\TIAS\PyCaret\.venv\Lib\site-packages\sklearn\model_selection\_validation.py", line 536, in _warn_or_raise_about_fit_failures
    raise ValueError(all_fits_failed_message)
ValueError: 
All the 10 fits failed.
It is very likely that your model is misconfigured.
You can try to debug the error by setting error_score='raise'.

Below are more details about the failures:
--------------------------------------------------------------------------------
10 fits failed with the following error:
Traceback (most recent call last):
  File "c:\Users\laboratorio\Desktop\TIAS\PyCaret\.venv\Lib\site-packages\sklearn\model_selection\_validation.py", line 895, in _fit_and_score
    estimator.fit(X_train, y_train, **fit_params)
  File "c:\Users\laboratorio\Desktop\TIAS\PyCaret\.venv\Lib\site-packages\pycaret\internal\pipeline.py", line 278, in fit
    fitted_estimator = self._memory_fit(
                       ^^^^^^^^^^^^^^^^^
  File "c:\Users\laboratorio\Desktop\TIAS\PyCaret\.venv\Lib\site-packages\joblib\memory.py", line 353, in __call__
    return self.func(*args, **kwargs)
           ^^^^^^^^^^^^^^^^^^^^^^^^^^
  File "c:\Users\laboratorio\Desktop\TIAS\PyCaret\.venv\Lib\site-packages\pycaret\internal\pipeline.py", line 69, in _fit_one
    transformer.fit(*args)
  File "c:\Users\laboratorio\Desktop\TIAS\PyCaret\.venv\Lib\site-packages\lightgbm\sklearn.py", line 1704, in fit
    super().fit(
  File "c:\Users\laboratorio\Desktop\TIAS\PyCaret\.venv\Lib\site-packages\lightgbm\sklearn.py", line 1171, in fit
    self._Booster = train(
                    ^^^^^^
  File "c:\Users\laboratorio\Desktop\TIAS\PyCaret\.venv\Lib\site-packages\lightgbm\engine.py", line 296, in train
    booster = Booster(params=params, train_set=train_set)
              ^^^^^^^^^^^^^^^^^^^^^^^^^^^^^^^^^^^^^^^^^^^
  File "c:\Users\laboratorio\Desktop\TIAS\PyCaret\.venv\Lib\site-packages\lightgbm\basic.py", line 3758, in __init__
    train_set.construct()
  File "c:\Users\laboratorio\Desktop\TIAS\PyCaret\.venv\Lib\site-packages\lightgbm\basic.py", line 2574, in construct
    self._lazy_init(
  File "c:\Users\laboratorio\Desktop\TIAS\PyCaret\.venv\Lib\site-packages\lightgbm\basic.py", line 2189, in _lazy_init
    self.set_label(label)
  File "c:\Users\laboratorio\Desktop\TIAS\PyCaret\.venv\Lib\site-packages\lightgbm\basic.py", line 3097, in set_label
    self.set_field("label", label_array)
  File "c:\Users\laboratorio\Desktop\TIAS\PyCaret\.venv\Lib\site-packages\lightgbm\basic.py", line 2860, in set_field
    _LIB.LGBM_DatasetSetField(
OSError: exception: access violation reading 0x0000000000000000


2026-09-25 08:42:44,124:INFO:Initializing create_model()
2026-09-25 08:42:44,126:INFO:create_model(self=<pycaret.classification.oop.ClassificationExperiment object at 0x000001CB16FA2A50>, estimator=lightgbm, fold=StratifiedKFold(n_splits=10, random_state=None, shuffle=False), round=4, cross_validation=True, predict=True, fit_kwargs={}, groups=None, refit=False, probability_threshold=None, experiment_custom_tags=None, verbose=False, system=False, add_to_model_list=True, metrics=None, display=<pycaret.internal.display.display.CommonDisplay object at 0x000001CB170ECCD0>, model_only=True, return_train_score=False, error_score=0.0, kwargs={})
2026-09-25 08:42:44,126:INFO:Checking exceptions
2026-09-25 08:42:44,126:INFO:Importing libraries
2026-09-25 08:42:44,126:INFO:Copying training dataset
2026-09-25 08:42:44,130:INFO:Defining folds
2026-09-25 08:42:44,130:INFO:Declaring metric variables
2026-09-25 08:42:44,133:INFO:Importing untrained model
2026-09-25 08:42:44,136:INFO:Light Gradient Boosting Machine Imported successfully
2026-09-25 08:42:44,141:INFO:Starting cross validation
2026-09-25 08:42:44,145:INFO:Cross validating with StratifiedKFold(n_splits=10, random_state=None, shuffle=False), n_jobs=-1
2026-09-25 08:42:44,574:ERROR:create_model() for lightgbm raised an exception or returned all 0.0:
2026-09-25 08:42:44,575:ERROR:Traceback (most recent call last):
  File "c:\Users\laboratorio\Desktop\TIAS\PyCaret\.venv\Lib\site-packages\pycaret\internal\pycaret_experiment\supervised_experiment.py", line 794, in compare_models
    model, model_fit_time = self._create_model(**create_model_args)
                            ^^^^^^^^^^^^^^^^^^^^^^^^^^^^^^^^^^^^^^^
  File "c:\Users\laboratorio\Desktop\TIAS\PyCaret\.venv\Lib\site-packages\pycaret\internal\pycaret_experiment\supervised_experiment.py", line 1533, in _create_model
    model, model_fit_time, model_results, _ = self._create_model_with_cv(
                                              ^^^^^^^^^^^^^^^^^^^^^^^^^^^
  File "c:\Users\laboratorio\Desktop\TIAS\PyCaret\.venv\Lib\site-packages\pycaret\internal\pycaret_experiment\supervised_experiment.py", line 1126, in _create_model_with_cv
    scores = cross_validate(
             ^^^^^^^^^^^^^^^
  File "c:\Users\laboratorio\Desktop\TIAS\PyCaret\.venv\Lib\site-packages\sklearn\utils\_param_validation.py", line 213, in wrapper
    return func(*args, **kwargs)
           ^^^^^^^^^^^^^^^^^^^^^
  File "c:\Users\laboratorio\Desktop\TIAS\PyCaret\.venv\Lib\site-packages\sklearn\model_selection\_validation.py", line 450, in cross_validate
    _warn_or_raise_about_fit_failures(results, error_score)
  File "c:\Users\laboratorio\Desktop\TIAS\PyCaret\.venv\Lib\site-packages\sklearn\model_selection\_validation.py", line 536, in _warn_or_raise_about_fit_failures
    raise ValueError(all_fits_failed_message)
ValueError: 
All the 10 fits failed.
It is very likely that your model is misconfigured.
You can try to debug the error by setting error_score='raise'.

Below are more details about the failures:
--------------------------------------------------------------------------------
10 fits failed with the following error:
Traceback (most recent call last):
  File "c:\Users\laboratorio\Desktop\TIAS\PyCaret\.venv\Lib\site-packages\sklearn\model_selection\_validation.py", line 895, in _fit_and_score
    estimator.fit(X_train, y_train, **fit_params)
  File "c:\Users\laboratorio\Desktop\TIAS\PyCaret\.venv\Lib\site-packages\pycaret\internal\pipeline.py", line 278, in fit
    fitted_estimator = self._memory_fit(
                       ^^^^^^^^^^^^^^^^^
  File "c:\Users\laboratorio\Desktop\TIAS\PyCaret\.venv\Lib\site-packages\joblib\memory.py", line 353, in __call__
    return self.func(*args, **kwargs)
           ^^^^^^^^^^^^^^^^^^^^^^^^^^
  File "c:\Users\laboratorio\Desktop\TIAS\PyCaret\.venv\Lib\site-packages\pycaret\internal\pipeline.py", line 69, in _fit_one
    transformer.fit(*args)
  File "c:\Users\laboratorio\Desktop\TIAS\PyCaret\.venv\Lib\site-packages\lightgbm\sklearn.py", line 1704, in fit
    super().fit(
  File "c:\Users\laboratorio\Desktop\TIAS\PyCaret\.venv\Lib\site-packages\lightgbm\sklearn.py", line 1171, in fit
    self._Booster = train(
                    ^^^^^^
  File "c:\Users\laboratorio\Desktop\TIAS\PyCaret\.venv\Lib\site-packages\lightgbm\engine.py", line 296, in train
    booster = Booster(params=params, train_set=train_set)
              ^^^^^^^^^^^^^^^^^^^^^^^^^^^^^^^^^^^^^^^^^^^
  File "c:\Users\laboratorio\Desktop\TIAS\PyCaret\.venv\Lib\site-packages\lightgbm\basic.py", line 3758, in __init__
    train_set.construct()
  File "c:\Users\laboratorio\Desktop\TIAS\PyCaret\.venv\Lib\site-packages\lightgbm\basic.py", line 2574, in construct
    self._lazy_init(
  File "c:\Users\laboratorio\Desktop\TIAS\PyCaret\.venv\Lib\site-packages\lightgbm\basic.py", line 2189, in _lazy_init
    self.set_label(label)
  File "c:\Users\laboratorio\Desktop\TIAS\PyCaret\.venv\Lib\site-packages\lightgbm\basic.py", line 3097, in set_label
    self.set_field("label", label_array)
  File "c:\Users\laboratorio\Desktop\TIAS\PyCaret\.venv\Lib\site-packages\lightgbm\basic.py", line 2860, in set_field
    _LIB.LGBM_DatasetSetField(
OSError: exception: access violation reading 0x0000000000000000


During handling of the above exception, another exception occurred:

Traceback (most recent call last):
  File "c:\Users\laboratorio\Desktop\TIAS\PyCaret\.venv\Lib\site-packages\pycaret\internal\pycaret_experiment\supervised_experiment.py", line 815, in compare_models
    model, model_fit_time = self._create_model(**create_model_args)
                            ^^^^^^^^^^^^^^^^^^^^^^^^^^^^^^^^^^^^^^^
  File "c:\Users\laboratorio\Desktop\TIAS\PyCaret\.venv\Lib\site-packages\pycaret\internal\pycaret_experiment\supervised_experiment.py", line 1533, in _create_model
    model, model_fit_time, model_results, _ = self._create_model_with_cv(
                                              ^^^^^^^^^^^^^^^^^^^^^^^^^^^
  File "c:\Users\laboratorio\Desktop\TIAS\PyCaret\.venv\Lib\site-packages\pycaret\internal\pycaret_experiment\supervised_experiment.py", line 1126, in _create_model_with_cv
    scores = cross_validate(
             ^^^^^^^^^^^^^^^
  File "c:\Users\laboratorio\Desktop\TIAS\PyCaret\.venv\Lib\site-packages\sklearn\utils\_param_validation.py", line 213, in wrapper
    return func(*args, **kwargs)
           ^^^^^^^^^^^^^^^^^^^^^
  File "c:\Users\laboratorio\Desktop\TIAS\PyCaret\.venv\Lib\site-packages\sklearn\model_selection\_validation.py", line 450, in cross_validate
    _warn_or_raise_about_fit_failures(results, error_score)
  File "c:\Users\laboratorio\Desktop\TIAS\PyCaret\.venv\Lib\site-packages\sklearn\model_selection\_validation.py", line 536, in _warn_or_raise_about_fit_failures
    raise ValueError(all_fits_failed_message)
ValueError: 
All the 10 fits failed.
It is very likely that your model is misconfigured.
You can try to debug the error by setting error_score='raise'.

Below are more details about the failures:
--------------------------------------------------------------------------------
10 fits failed with the following error:
Traceback (most recent call last):
  File "c:\Users\laboratorio\Desktop\TIAS\PyCaret\.venv\Lib\site-packages\sklearn\model_selection\_validation.py", line 895, in _fit_and_score
    estimator.fit(X_train, y_train, **fit_params)
  File "c:\Users\laboratorio\Desktop\TIAS\PyCaret\.venv\Lib\site-packages\pycaret\internal\pipeline.py", line 278, in fit
    fitted_estimator = self._memory_fit(
                       ^^^^^^^^^^^^^^^^^
  File "c:\Users\laboratorio\Desktop\TIAS\PyCaret\.venv\Lib\site-packages\joblib\memory.py", line 353, in __call__
    return self.func(*args, **kwargs)
           ^^^^^^^^^^^^^^^^^^^^^^^^^^
  File "c:\Users\laboratorio\Desktop\TIAS\PyCaret\.venv\Lib\site-packages\pycaret\internal\pipeline.py", line 69, in _fit_one
    transformer.fit(*args)
  File "c:\Users\laboratorio\Desktop\TIAS\PyCaret\.venv\Lib\site-packages\lightgbm\sklearn.py", line 1704, in fit
    super().fit(
  File "c:\Users\laboratorio\Desktop\TIAS\PyCaret\.venv\Lib\site-packages\lightgbm\sklearn.py", line 1171, in fit
    self._Booster = train(
                    ^^^^^^
  File "c:\Users\laboratorio\Desktop\TIAS\PyCaret\.venv\Lib\site-packages\lightgbm\engine.py", line 296, in train
    booster = Booster(params=params, train_set=train_set)
              ^^^^^^^^^^^^^^^^^^^^^^^^^^^^^^^^^^^^^^^^^^^
  File "c:\Users\laboratorio\Desktop\TIAS\PyCaret\.venv\Lib\site-packages\lightgbm\basic.py", line 3758, in __init__
    train_set.construct()
  File "c:\Users\laboratorio\Desktop\TIAS\PyCaret\.venv\Lib\site-packages\lightgbm\basic.py", line 2574, in construct
    self._lazy_init(
  File "c:\Users\laboratorio\Desktop\TIAS\PyCaret\.venv\Lib\site-packages\lightgbm\basic.py", line 2189, in _lazy_init
    self.set_label(label)
  File "c:\Users\laboratorio\Desktop\TIAS\PyCaret\.venv\Lib\site-packages\lightgbm\basic.py", line 3097, in set_label
    self.set_field("label", label_array)
  File "c:\Users\laboratorio\Desktop\TIAS\PyCaret\.venv\Lib\site-packages\lightgbm\basic.py", line 2860, in set_field
    _LIB.LGBM_DatasetSetField(
OSError: exception: access violation reading 0x0000000000000000


2026-09-25 08:42:44,576:INFO:Initializing Dummy Classifier
2026-09-25 08:42:44,576:INFO:Total runtime is 0.24247628847757974 minutes
2026-09-25 08:42:44,577:INFO:SubProcess create_model() called ==================================
2026-09-25 08:42:44,579:INFO:Initializing create_model()
2026-09-25 08:42:44,579:INFO:create_model(self=<pycaret.classification.oop.ClassificationExperiment object at 0x000001CB16FA2A50>, estimator=dummy, fold=StratifiedKFold(n_splits=10, random_state=None, shuffle=False), round=4, cross_validation=True, predict=True, fit_kwargs={}, groups=None, refit=False, probability_threshold=None, experiment_custom_tags=None, verbose=False, system=False, add_to_model_list=True, metrics=None, display=<pycaret.internal.display.display.CommonDisplay object at 0x000001CB170ECCD0>, model_only=True, return_train_score=False, error_score=0.0, kwargs={})
2026-09-25 08:42:44,579:INFO:Checking exceptions
2026-09-25 08:42:44,579:INFO:Importing libraries
2026-09-25 08:42:44,579:INFO:Copying training dataset
2026-09-25 08:42:44,583:INFO:Defining folds
2026-09-25 08:42:44,583:INFO:Declaring metric variables
2026-09-25 08:42:44,588:INFO:Importing untrained model
2026-09-25 08:42:44,589:INFO:Dummy Classifier Imported successfully
2026-09-25 08:42:44,596:INFO:Starting cross validation
2026-09-25 08:42:44,597:INFO:Cross validating with StratifiedKFold(n_splits=10, random_state=None, shuffle=False), n_jobs=-1
2026-09-25 08:42:45,005:WARNING:c:\Users\laboratorio\Desktop\TIAS\PyCaret\.venv\Lib\site-packages\sklearn\metrics\_classification.py:1561: UserWarning: Note that pos_label (set to 'Yes') is ignored when average != 'binary' (got 'weighted'). You may use labels=[pos_label] to specify a single positive class.
  warnings.warn(

2026-09-25 08:42:45,011:WARNING:c:\Users\laboratorio\Desktop\TIAS\PyCaret\.venv\Lib\site-packages\sklearn\metrics\_classification.py:1561: UserWarning: Note that pos_label (set to 'Yes') is ignored when average != 'binary' (got 'weighted'). You may use labels=[pos_label] to specify a single positive class.
  warnings.warn(

2026-09-25 08:42:45,012:WARNING:c:\Users\laboratorio\Desktop\TIAS\PyCaret\.venv\Lib\site-packages\sklearn\metrics\_classification.py:1509: UndefinedMetricWarning: Precision is ill-defined and being set to 0.0 in labels with no predicted samples. Use `zero_division` parameter to control this behavior.
  _warn_prf(average, modifier, f"{metric.capitalize()} is", len(result))

2026-09-25 08:42:45,015:WARNING:c:\Users\laboratorio\Desktop\TIAS\PyCaret\.venv\Lib\site-packages\sklearn\metrics\_classification.py:1561: UserWarning: Note that pos_label (set to 'Yes') is ignored when average != 'binary' (got 'weighted'). You may use labels=[pos_label] to specify a single positive class.
  warnings.warn(

2026-09-25 08:42:45,019:WARNING:c:\Users\laboratorio\Desktop\TIAS\PyCaret\.venv\Lib\site-packages\sklearn\metrics\_classification.py:1561: UserWarning: Note that pos_label (set to 'Yes') is ignored when average != 'binary' (got 'weighted'). You may use labels=[pos_label] to specify a single positive class.
  warnings.warn(

2026-09-25 08:42:45,022:WARNING:c:\Users\laboratorio\Desktop\TIAS\PyCaret\.venv\Lib\site-packages\sklearn\metrics\_classification.py:1561: UserWarning: Note that pos_label (set to 'Yes') is ignored when average != 'binary' (got 'weighted'). You may use labels=[pos_label] to specify a single positive class.
  warnings.warn(

2026-09-25 08:42:45,023:WARNING:c:\Users\laboratorio\Desktop\TIAS\PyCaret\.venv\Lib\site-packages\sklearn\metrics\_classification.py:1509: UndefinedMetricWarning: Precision is ill-defined and being set to 0.0 in labels with no predicted samples. Use `zero_division` parameter to control this behavior.
  _warn_prf(average, modifier, f"{metric.capitalize()} is", len(result))

2026-09-25 08:42:45,026:WARNING:c:\Users\laboratorio\Desktop\TIAS\PyCaret\.venv\Lib\site-packages\sklearn\metrics\_classification.py:1561: UserWarning: Note that pos_label (set to 'Yes') is ignored when average != 'binary' (got 'weighted'). You may use labels=[pos_label] to specify a single positive class.
  warnings.warn(

2026-09-25 08:42:45,026:WARNING:c:\Users\laboratorio\Desktop\TIAS\PyCaret\.venv\Lib\site-packages\sklearn\metrics\_classification.py:1561: UserWarning: Note that pos_label (set to 'Yes') is ignored when average != 'binary' (got 'weighted'). You may use labels=[pos_label] to specify a single positive class.
  warnings.warn(

2026-09-25 08:42:45,027:WARNING:c:\Users\laboratorio\Desktop\TIAS\PyCaret\.venv\Lib\site-packages\sklearn\metrics\_classification.py:1561: UserWarning: Note that pos_label (set to 'Yes') is ignored when average != 'binary' (got 'weighted'). You may use labels=[pos_label] to specify a single positive class.
  warnings.warn(

2026-09-25 08:42:45,031:WARNING:c:\Users\laboratorio\Desktop\TIAS\PyCaret\.venv\Lib\site-packages\sklearn\metrics\_classification.py:1561: UserWarning: Note that pos_label (set to 'Yes') is ignored when average != 'binary' (got 'weighted'). You may use labels=[pos_label] to specify a single positive class.
  warnings.warn(

2026-09-25 08:42:45,032:WARNING:c:\Users\laboratorio\Desktop\TIAS\PyCaret\.venv\Lib\site-packages\sklearn\metrics\_classification.py:1561: UserWarning: Note that pos_label (set to 'Yes') is ignored when average != 'binary' (got 'weighted'). You may use labels=[pos_label] to specify a single positive class.
  warnings.warn(

2026-09-25 08:42:45,032:WARNING:c:\Users\laboratorio\Desktop\TIAS\PyCaret\.venv\Lib\site-packages\sklearn\metrics\_classification.py:1509: UndefinedMetricWarning: Precision is ill-defined and being set to 0.0 in labels with no predicted samples. Use `zero_division` parameter to control this behavior.
  _warn_prf(average, modifier, f"{metric.capitalize()} is", len(result))

2026-09-25 08:42:45,035:WARNING:c:\Users\laboratorio\Desktop\TIAS\PyCaret\.venv\Lib\site-packages\sklearn\metrics\_classification.py:1561: UserWarning: Note that pos_label (set to 'Yes') is ignored when average != 'binary' (got 'weighted'). You may use labels=[pos_label] to specify a single positive class.
  warnings.warn(

2026-09-25 08:42:45,035:WARNING:c:\Users\laboratorio\Desktop\TIAS\PyCaret\.venv\Lib\site-packages\sklearn\metrics\_classification.py:1509: UndefinedMetricWarning: Precision is ill-defined and being set to 0.0 in labels with no predicted samples. Use `zero_division` parameter to control this behavior.
  _warn_prf(average, modifier, f"{metric.capitalize()} is", len(result))

2026-09-25 08:42:45,036:WARNING:c:\Users\laboratorio\Desktop\TIAS\PyCaret\.venv\Lib\site-packages\sklearn\metrics\_classification.py:1561: UserWarning: Note that pos_label (set to 'Yes') is ignored when average != 'binary' (got 'weighted'). You may use labels=[pos_label] to specify a single positive class.
  warnings.warn(

2026-09-25 08:42:45,038:WARNING:c:\Users\laboratorio\Desktop\TIAS\PyCaret\.venv\Lib\site-packages\sklearn\metrics\_classification.py:1561: UserWarning: Note that pos_label (set to 'Yes') is ignored when average != 'binary' (got 'weighted'). You may use labels=[pos_label] to specify a single positive class.
  warnings.warn(

2026-09-25 08:42:45,039:WARNING:c:\Users\laboratorio\Desktop\TIAS\PyCaret\.venv\Lib\site-packages\sklearn\metrics\_classification.py:1509: UndefinedMetricWarning: Precision is ill-defined and being set to 0.0 in labels with no predicted samples. Use `zero_division` parameter to control this behavior.
  _warn_prf(average, modifier, f"{metric.capitalize()} is", len(result))

2026-09-25 08:42:45,042:WARNING:c:\Users\laboratorio\Desktop\TIAS\PyCaret\.venv\Lib\site-packages\sklearn\metrics\_classification.py:1561: UserWarning: Note that pos_label (set to 'Yes') is ignored when average != 'binary' (got 'weighted'). You may use labels=[pos_label] to specify a single positive class.
  warnings.warn(

2026-09-25 08:42:45,043:WARNING:c:\Users\laboratorio\Desktop\TIAS\PyCaret\.venv\Lib\site-packages\sklearn\metrics\_classification.py:1561: UserWarning: Note that pos_label (set to 'Yes') is ignored when average != 'binary' (got 'weighted'). You may use labels=[pos_label] to specify a single positive class.
  warnings.warn(

2026-09-25 08:42:45,046:WARNING:c:\Users\laboratorio\Desktop\TIAS\PyCaret\.venv\Lib\site-packages\sklearn\metrics\_classification.py:1561: UserWarning: Note that pos_label (set to 'Yes') is ignored when average != 'binary' (got 'weighted'). You may use labels=[pos_label] to specify a single positive class.
  warnings.warn(

2026-09-25 08:42:45,048:WARNING:c:\Users\laboratorio\Desktop\TIAS\PyCaret\.venv\Lib\site-packages\sklearn\metrics\_classification.py:1509: UndefinedMetricWarning: Precision is ill-defined and being set to 0.0 in labels with no predicted samples. Use `zero_division` parameter to control this behavior.
  _warn_prf(average, modifier, f"{metric.capitalize()} is", len(result))

2026-09-25 08:42:45,049:WARNING:c:\Users\laboratorio\Desktop\TIAS\PyCaret\.venv\Lib\site-packages\sklearn\metrics\_classification.py:1561: UserWarning: Note that pos_label (set to 'Yes') is ignored when average != 'binary' (got 'weighted'). You may use labels=[pos_label] to specify a single positive class.
  warnings.warn(

2026-09-25 08:42:45,056:WARNING:c:\Users\laboratorio\Desktop\TIAS\PyCaret\.venv\Lib\site-packages\sklearn\metrics\_classification.py:1561: UserWarning: Note that pos_label (set to 'Yes') is ignored when average != 'binary' (got 'weighted'). You may use labels=[pos_label] to specify a single positive class.
  warnings.warn(

2026-09-25 08:42:45,056:WARNING:c:\Users\laboratorio\Desktop\TIAS\PyCaret\.venv\Lib\site-packages\sklearn\metrics\_classification.py:1561: UserWarning: Note that pos_label (set to 'Yes') is ignored when average != 'binary' (got 'weighted'). You may use labels=[pos_label] to specify a single positive class.
  warnings.warn(

2026-09-25 08:42:45,060:WARNING:c:\Users\laboratorio\Desktop\TIAS\PyCaret\.venv\Lib\site-packages\sklearn\metrics\_classification.py:1561: UserWarning: Note that pos_label (set to 'Yes') is ignored when average != 'binary' (got 'weighted'). You may use labels=[pos_label] to specify a single positive class.
  warnings.warn(

2026-09-25 08:42:45,061:WARNING:c:\Users\laboratorio\Desktop\TIAS\PyCaret\.venv\Lib\site-packages\sklearn\metrics\_classification.py:1561: UserWarning: Note that pos_label (set to 'Yes') is ignored when average != 'binary' (got 'weighted'). You may use labels=[pos_label] to specify a single positive class.
  warnings.warn(

2026-09-25 08:42:45,061:WARNING:c:\Users\laboratorio\Desktop\TIAS\PyCaret\.venv\Lib\site-packages\sklearn\metrics\_classification.py:1509: UndefinedMetricWarning: Precision is ill-defined and being set to 0.0 in labels with no predicted samples. Use `zero_division` parameter to control this behavior.
  _warn_prf(average, modifier, f"{metric.capitalize()} is", len(result))

2026-09-25 08:42:45,061:WARNING:c:\Users\laboratorio\Desktop\TIAS\PyCaret\.venv\Lib\site-packages\sklearn\metrics\_classification.py:1509: UndefinedMetricWarning: Precision is ill-defined and being set to 0.0 in labels with no predicted samples. Use `zero_division` parameter to control this behavior.
  _warn_prf(average, modifier, f"{metric.capitalize()} is", len(result))

2026-09-25 08:42:45,062:WARNING:c:\Users\laboratorio\Desktop\TIAS\PyCaret\.venv\Lib\site-packages\sklearn\metrics\_classification.py:1561: UserWarning: Note that pos_label (set to 'Yes') is ignored when average != 'binary' (got 'weighted'). You may use labels=[pos_label] to specify a single positive class.
  warnings.warn(

2026-09-25 08:42:45,062:WARNING:c:\Users\laboratorio\Desktop\TIAS\PyCaret\.venv\Lib\site-packages\sklearn\metrics\_classification.py:1561: UserWarning: Note that pos_label (set to 'Yes') is ignored when average != 'binary' (got 'weighted'). You may use labels=[pos_label] to specify a single positive class.
  warnings.warn(

2026-09-25 08:42:45,062:WARNING:c:\Users\laboratorio\Desktop\TIAS\PyCaret\.venv\Lib\site-packages\sklearn\metrics\_classification.py:1561: UserWarning: Note that pos_label (set to 'Yes') is ignored when average != 'binary' (got 'weighted'). You may use labels=[pos_label] to specify a single positive class.
  warnings.warn(

2026-09-25 08:42:45,064:WARNING:c:\Users\laboratorio\Desktop\TIAS\PyCaret\.venv\Lib\site-packages\sklearn\metrics\_classification.py:1561: UserWarning: Note that pos_label (set to 'Yes') is ignored when average != 'binary' (got 'weighted'). You may use labels=[pos_label] to specify a single positive class.
  warnings.warn(

2026-09-25 08:42:45,064:WARNING:c:\Users\laboratorio\Desktop\TIAS\PyCaret\.venv\Lib\site-packages\sklearn\metrics\_classification.py:1561: UserWarning: Note that pos_label (set to 'Yes') is ignored when average != 'binary' (got 'weighted'). You may use labels=[pos_label] to specify a single positive class.
  warnings.warn(

2026-09-25 08:42:45,065:WARNING:c:\Users\laboratorio\Desktop\TIAS\PyCaret\.venv\Lib\site-packages\sklearn\metrics\_classification.py:1509: UndefinedMetricWarning: Precision is ill-defined and being set to 0.0 in labels with no predicted samples. Use `zero_division` parameter to control this behavior.
  _warn_prf(average, modifier, f"{metric.capitalize()} is", len(result))

2026-09-25 08:42:45,065:WARNING:c:\Users\laboratorio\Desktop\TIAS\PyCaret\.venv\Lib\site-packages\sklearn\metrics\_classification.py:1561: UserWarning: Note that pos_label (set to 'Yes') is ignored when average != 'binary' (got 'weighted'). You may use labels=[pos_label] to specify a single positive class.
  warnings.warn(

2026-09-25 08:42:45,067:WARNING:c:\Users\laboratorio\Desktop\TIAS\PyCaret\.venv\Lib\site-packages\sklearn\metrics\_classification.py:1561: UserWarning: Note that pos_label (set to 'Yes') is ignored when average != 'binary' (got 'weighted'). You may use labels=[pos_label] to specify a single positive class.
  warnings.warn(

2026-09-25 08:42:45,067:WARNING:c:\Users\laboratorio\Desktop\TIAS\PyCaret\.venv\Lib\site-packages\sklearn\metrics\_classification.py:1509: UndefinedMetricWarning: Precision is ill-defined and being set to 0.0 in labels with no predicted samples. Use `zero_division` parameter to control this behavior.
  _warn_prf(average, modifier, f"{metric.capitalize()} is", len(result))

2026-09-25 08:42:45,068:WARNING:c:\Users\laboratorio\Desktop\TIAS\PyCaret\.venv\Lib\site-packages\sklearn\metrics\_classification.py:1561: UserWarning: Note that pos_label (set to 'Yes') is ignored when average != 'binary' (got 'weighted'). You may use labels=[pos_label] to specify a single positive class.
  warnings.warn(

2026-09-25 08:42:45,077:INFO:Calculating mean and std
2026-09-25 08:42:45,077:INFO:Creating metrics dataframe
2026-09-25 08:42:45,078:INFO:Uploading results into container
2026-09-25 08:42:45,078:INFO:Uploading model into container now
2026-09-25 08:42:45,078:INFO:_master_model_container: 13
2026-09-25 08:42:45,078:INFO:_display_container: 2
2026-09-25 08:42:45,080:INFO:DummyClassifier(constant=None, random_state=123, strategy='prior')
2026-09-25 08:42:45,080:INFO:create_model() successfully completed......................................
2026-09-25 08:42:45,134:INFO:SubProcess create_model() end ==================================
2026-09-25 08:42:45,134:INFO:Creating metrics dataframe
2026-09-25 08:42:45,139:WARNING:c:\Users\laboratorio\Desktop\TIAS\PyCaret\.venv\Lib\site-packages\pycaret\internal\pycaret_experiment\supervised_experiment.py:339: FutureWarning: Styler.applymap has been deprecated. Use Styler.map instead.
  .applymap(highlight_cols, subset=["TT (Sec)"])

2026-09-25 08:42:45,146:INFO:Initializing create_model()
2026-09-25 08:42:45,146:INFO:create_model(self=<pycaret.classification.oop.ClassificationExperiment object at 0x000001CB16FA2A50>, estimator=KNeighborsClassifier(algorithm='auto', leaf_size=30, metric='minkowski',
                     metric_params=None, n_jobs=-1, n_neighbors=5, p=2,
                     weights='uniform'), fold=StratifiedKFold(n_splits=10, random_state=None, shuffle=False), round=4, cross_validation=False, predict=False, fit_kwargs={}, groups=None, refit=True, probability_threshold=None, experiment_custom_tags=None, verbose=False, system=False, add_to_model_list=True, metrics=None, display=None, model_only=True, return_train_score=False, error_score=0.0, kwargs={})
2026-09-25 08:42:45,146:INFO:Checking exceptions
2026-09-25 08:42:45,147:INFO:Importing libraries
2026-09-25 08:42:45,147:INFO:Copying training dataset
2026-09-25 08:42:45,150:INFO:Defining folds
2026-09-25 08:42:45,150:INFO:Declaring metric variables
2026-09-25 08:42:45,150:INFO:Importing untrained model
2026-09-25 08:42:45,150:INFO:Declaring custom model
2026-09-25 08:42:45,150:INFO:K Neighbors Classifier Imported successfully
2026-09-25 08:42:45,152:INFO:Cross validation set to False
2026-09-25 08:42:45,152:INFO:Fitting Model
2026-09-25 08:42:45,293:INFO:KNeighborsClassifier(algorithm='auto', leaf_size=30, metric='minkowski',
                     metric_params=None, n_jobs=-1, n_neighbors=5, p=2,
                     weights='uniform')
2026-09-25 08:42:45,293:INFO:create_model() successfully completed......................................
2026-09-25 08:42:45,362:INFO:_master_model_container: 13
2026-09-25 08:42:45,364:INFO:_display_container: 2
2026-09-25 08:42:45,364:INFO:KNeighborsClassifier(algorithm='auto', leaf_size=30, metric='minkowski',
                     metric_params=None, n_jobs=-1, n_neighbors=5, p=2,
                     weights='uniform')
2026-09-25 08:42:45,364:INFO:compare_models() successfully completed......................................
2026-09-25 08:42:51,738:INFO:Initializing create_model()
2026-09-25 08:42:51,738:INFO:create_model(self=<pycaret.classification.oop.ClassificationExperiment object at 0x000001CB16FA2A50>, estimator=KNeighborsClassifier(algorithm='auto', leaf_size=30, metric='minkowski',
                     metric_params=None, n_jobs=-1, n_neighbors=5, p=2,
                     weights='uniform'), fold=None, round=4, cross_validation=True, predict=True, fit_kwargs=None, groups=None, refit=True, probability_threshold=None, experiment_custom_tags=None, verbose=True, system=True, add_to_model_list=True, metrics=None, display=None, model_only=True, return_train_score=False, error_score=0.0, kwargs={})
2026-09-25 08:42:51,738:INFO:Checking exceptions
2026-09-25 08:42:51,750:INFO:Importing libraries
2026-09-25 08:42:51,750:INFO:Copying training dataset
2026-09-25 08:42:51,754:INFO:Defining folds
2026-09-25 08:42:51,754:INFO:Declaring metric variables
2026-09-25 08:42:51,756:INFO:Importing untrained model
2026-09-25 08:42:51,756:INFO:Declaring custom model
2026-09-25 08:42:51,757:INFO:K Neighbors Classifier Imported successfully
2026-09-25 08:42:51,760:INFO:Starting cross validation
2026-09-25 08:42:51,765:INFO:Cross validating with StratifiedKFold(n_splits=10, random_state=None, shuffle=False), n_jobs=-1
2026-09-25 08:42:52,450:WARNING:c:\Users\laboratorio\Desktop\TIAS\PyCaret\.venv\Lib\site-packages\sklearn\metrics\_classification.py:1561: UserWarning: Note that pos_label (set to 'Yes') is ignored when average != 'binary' (got 'weighted'). You may use labels=[pos_label] to specify a single positive class.
  warnings.warn(

2026-09-25 08:42:52,455:WARNING:c:\Users\laboratorio\Desktop\TIAS\PyCaret\.venv\Lib\site-packages\sklearn\metrics\_classification.py:1561: UserWarning: Note that pos_label (set to 'Yes') is ignored when average != 'binary' (got 'weighted'). You may use labels=[pos_label] to specify a single positive class.
  warnings.warn(

2026-09-25 08:42:52,460:WARNING:c:\Users\laboratorio\Desktop\TIAS\PyCaret\.venv\Lib\site-packages\sklearn\metrics\_classification.py:1561: UserWarning: Note that pos_label (set to 'Yes') is ignored when average != 'binary' (got 'weighted'). You may use labels=[pos_label] to specify a single positive class.
  warnings.warn(

2026-09-25 08:42:52,468:WARNING:c:\Users\laboratorio\Desktop\TIAS\PyCaret\.venv\Lib\site-packages\sklearn\metrics\_classification.py:1561: UserWarning: Note that pos_label (set to 'Yes') is ignored when average != 'binary' (got 'weighted'). You may use labels=[pos_label] to specify a single positive class.
  warnings.warn(

2026-09-25 08:42:52,469:WARNING:c:\Users\laboratorio\Desktop\TIAS\PyCaret\.venv\Lib\site-packages\sklearn\metrics\_classification.py:1561: UserWarning: Note that pos_label (set to 'Yes') is ignored when average != 'binary' (got 'weighted'). You may use labels=[pos_label] to specify a single positive class.
  warnings.warn(

2026-09-25 08:42:52,471:WARNING:c:\Users\laboratorio\Desktop\TIAS\PyCaret\.venv\Lib\site-packages\sklearn\metrics\_classification.py:1561: UserWarning: Note that pos_label (set to 'Yes') is ignored when average != 'binary' (got 'weighted'). You may use labels=[pos_label] to specify a single positive class.
  warnings.warn(

2026-09-25 08:42:52,474:WARNING:c:\Users\laboratorio\Desktop\TIAS\PyCaret\.venv\Lib\site-packages\sklearn\metrics\_classification.py:1561: UserWarning: Note that pos_label (set to 'Yes') is ignored when average != 'binary' (got 'weighted'). You may use labels=[pos_label] to specify a single positive class.
  warnings.warn(

2026-09-25 08:42:52,476:WARNING:c:\Users\laboratorio\Desktop\TIAS\PyCaret\.venv\Lib\site-packages\sklearn\metrics\_classification.py:1561: UserWarning: Note that pos_label (set to 'Yes') is ignored when average != 'binary' (got 'weighted'). You may use labels=[pos_label] to specify a single positive class.
  warnings.warn(

2026-09-25 08:42:52,478:WARNING:c:\Users\laboratorio\Desktop\TIAS\PyCaret\.venv\Lib\site-packages\sklearn\metrics\_classification.py:1561: UserWarning: Note that pos_label (set to 'Yes') is ignored when average != 'binary' (got 'weighted'). You may use labels=[pos_label] to specify a single positive class.
  warnings.warn(

2026-09-25 08:42:52,484:WARNING:c:\Users\laboratorio\Desktop\TIAS\PyCaret\.venv\Lib\site-packages\sklearn\metrics\_classification.py:1561: UserWarning: Note that pos_label (set to 'Yes') is ignored when average != 'binary' (got 'weighted'). You may use labels=[pos_label] to specify a single positive class.
  warnings.warn(

2026-09-25 08:42:52,486:WARNING:c:\Users\laboratorio\Desktop\TIAS\PyCaret\.venv\Lib\site-packages\sklearn\metrics\_classification.py:1561: UserWarning: Note that pos_label (set to 'Yes') is ignored when average != 'binary' (got 'weighted'). You may use labels=[pos_label] to specify a single positive class.
  warnings.warn(

2026-09-25 08:42:52,487:WARNING:c:\Users\laboratorio\Desktop\TIAS\PyCaret\.venv\Lib\site-packages\sklearn\metrics\_classification.py:1561: UserWarning: Note that pos_label (set to 'Yes') is ignored when average != 'binary' (got 'weighted'). You may use labels=[pos_label] to specify a single positive class.
  warnings.warn(

2026-09-25 08:42:52,489:WARNING:c:\Users\laboratorio\Desktop\TIAS\PyCaret\.venv\Lib\site-packages\sklearn\metrics\_classification.py:1561: UserWarning: Note that pos_label (set to 'Yes') is ignored when average != 'binary' (got 'weighted'). You may use labels=[pos_label] to specify a single positive class.
  warnings.warn(

2026-09-25 08:42:52,490:WARNING:c:\Users\laboratorio\Desktop\TIAS\PyCaret\.venv\Lib\site-packages\sklearn\metrics\_classification.py:1561: UserWarning: Note that pos_label (set to 'Yes') is ignored when average != 'binary' (got 'weighted'). You may use labels=[pos_label] to specify a single positive class.
  warnings.warn(

2026-09-25 08:42:52,490:WARNING:c:\Users\laboratorio\Desktop\TIAS\PyCaret\.venv\Lib\site-packages\sklearn\metrics\_classification.py:1561: UserWarning: Note that pos_label (set to 'Yes') is ignored when average != 'binary' (got 'weighted'). You may use labels=[pos_label] to specify a single positive class.
  warnings.warn(

2026-09-25 08:42:52,492:WARNING:c:\Users\laboratorio\Desktop\TIAS\PyCaret\.venv\Lib\site-packages\sklearn\metrics\_classification.py:1561: UserWarning: Note that pos_label (set to 'Yes') is ignored when average != 'binary' (got 'weighted'). You may use labels=[pos_label] to specify a single positive class.
  warnings.warn(

2026-09-25 08:42:52,495:WARNING:c:\Users\laboratorio\Desktop\TIAS\PyCaret\.venv\Lib\site-packages\sklearn\metrics\_classification.py:1561: UserWarning: Note that pos_label (set to 'Yes') is ignored when average != 'binary' (got 'weighted'). You may use labels=[pos_label] to specify a single positive class.
  warnings.warn(

2026-09-25 08:42:52,495:WARNING:c:\Users\laboratorio\Desktop\TIAS\PyCaret\.venv\Lib\site-packages\sklearn\metrics\_classification.py:1561: UserWarning: Note that pos_label (set to 'Yes') is ignored when average != 'binary' (got 'weighted'). You may use labels=[pos_label] to specify a single positive class.
  warnings.warn(

2026-09-25 08:42:52,498:WARNING:c:\Users\laboratorio\Desktop\TIAS\PyCaret\.venv\Lib\site-packages\sklearn\metrics\_classification.py:1561: UserWarning: Note that pos_label (set to 'Yes') is ignored when average != 'binary' (got 'weighted'). You may use labels=[pos_label] to specify a single positive class.
  warnings.warn(

2026-09-25 08:42:52,499:WARNING:c:\Users\laboratorio\Desktop\TIAS\PyCaret\.venv\Lib\site-packages\sklearn\metrics\_classification.py:1561: UserWarning: Note that pos_label (set to 'Yes') is ignored when average != 'binary' (got 'weighted'). You may use labels=[pos_label] to specify a single positive class.
  warnings.warn(

2026-09-25 08:42:52,501:WARNING:c:\Users\laboratorio\Desktop\TIAS\PyCaret\.venv\Lib\site-packages\sklearn\metrics\_classification.py:1561: UserWarning: Note that pos_label (set to 'Yes') is ignored when average != 'binary' (got 'weighted'). You may use labels=[pos_label] to specify a single positive class.
  warnings.warn(

2026-09-25 08:42:52,502:WARNING:c:\Users\laboratorio\Desktop\TIAS\PyCaret\.venv\Lib\site-packages\sklearn\metrics\_classification.py:1561: UserWarning: Note that pos_label (set to 'Yes') is ignored when average != 'binary' (got 'weighted'). You may use labels=[pos_label] to specify a single positive class.
  warnings.warn(

2026-09-25 08:42:52,504:WARNING:c:\Users\laboratorio\Desktop\TIAS\PyCaret\.venv\Lib\site-packages\sklearn\metrics\_classification.py:1561: UserWarning: Note that pos_label (set to 'Yes') is ignored when average != 'binary' (got 'weighted'). You may use labels=[pos_label] to specify a single positive class.
  warnings.warn(

2026-09-25 08:42:52,507:WARNING:c:\Users\laboratorio\Desktop\TIAS\PyCaret\.venv\Lib\site-packages\sklearn\metrics\_classification.py:1561: UserWarning: Note that pos_label (set to 'Yes') is ignored when average != 'binary' (got 'weighted'). You may use labels=[pos_label] to specify a single positive class.
  warnings.warn(

2026-09-25 08:42:52,509:WARNING:c:\Users\laboratorio\Desktop\TIAS\PyCaret\.venv\Lib\site-packages\sklearn\metrics\_classification.py:1561: UserWarning: Note that pos_label (set to 'Yes') is ignored when average != 'binary' (got 'weighted'). You may use labels=[pos_label] to specify a single positive class.
  warnings.warn(

2026-09-25 08:42:52,514:WARNING:c:\Users\laboratorio\Desktop\TIAS\PyCaret\.venv\Lib\site-packages\sklearn\metrics\_classification.py:1561: UserWarning: Note that pos_label (set to 'Yes') is ignored when average != 'binary' (got 'weighted'). You may use labels=[pos_label] to specify a single positive class.
  warnings.warn(

2026-09-25 08:42:52,514:WARNING:c:\Users\laboratorio\Desktop\TIAS\PyCaret\.venv\Lib\site-packages\sklearn\metrics\_classification.py:1561: UserWarning: Note that pos_label (set to 'Yes') is ignored when average != 'binary' (got 'weighted'). You may use labels=[pos_label] to specify a single positive class.
  warnings.warn(

2026-09-25 08:42:52,517:WARNING:c:\Users\laboratorio\Desktop\TIAS\PyCaret\.venv\Lib\site-packages\sklearn\metrics\_classification.py:1561: UserWarning: Note that pos_label (set to 'Yes') is ignored when average != 'binary' (got 'weighted'). You may use labels=[pos_label] to specify a single positive class.
  warnings.warn(

2026-09-25 08:42:52,518:WARNING:c:\Users\laboratorio\Desktop\TIAS\PyCaret\.venv\Lib\site-packages\sklearn\metrics\_classification.py:1561: UserWarning: Note that pos_label (set to 'Yes') is ignored when average != 'binary' (got 'weighted'). You may use labels=[pos_label] to specify a single positive class.
  warnings.warn(

2026-09-25 08:42:52,530:INFO:Calculating mean and std
2026-09-25 08:42:52,531:INFO:Creating metrics dataframe
2026-09-25 08:42:52,532:INFO:Finalizing model
2026-09-25 08:42:52,709:INFO:Uploading results into container
2026-09-25 08:42:52,709:INFO:Uploading model into container now
2026-09-25 08:42:52,716:INFO:_master_model_container: 14
2026-09-25 08:42:52,716:INFO:_display_container: 3
2026-09-25 08:42:52,716:INFO:KNeighborsClassifier(algorithm='auto', leaf_size=30, metric='minkowski',
                     metric_params=None, n_jobs=-1, n_neighbors=5, p=2,
                     weights='uniform')
2026-09-25 08:42:52,716:INFO:create_model() successfully completed......................................
2026-09-25 08:43:41,562:INFO:Initializing evaluate_model()
2026-09-25 08:43:41,562:INFO:evaluate_model(self=<pycaret.classification.oop.ClassificationExperiment object at 0x000001CB16FA2A50>, estimator=KNeighborsClassifier(algorithm='auto', leaf_size=30, metric='minkowski',
                     metric_params=None, n_jobs=-1, n_neighbors=5, p=2,
                     weights='uniform'), fold=None, fit_kwargs=None, plot_kwargs=None, feature_name=None, groups=None)
2026-09-25 08:43:41,569:INFO:Initializing plot_model()
2026-09-25 08:43:41,569:INFO:plot_model(self=<pycaret.classification.oop.ClassificationExperiment object at 0x000001CB16FA2A50>, estimator=KNeighborsClassifier(algorithm='auto', leaf_size=30, metric='minkowski',
                     metric_params=None, n_jobs=-1, n_neighbors=5, p=2,
                     weights='uniform'), plot=pipeline, scale=1, save=False, fold=StratifiedKFold(n_splits=10, random_state=None, shuffle=False), fit_kwargs={}, plot_kwargs=None, groups=None, feature_name=None, label=False, verbose=False, system=True, display=None, display_format=None)
2026-09-25 08:43:41,569:INFO:Checking exceptions
2026-09-25 08:43:41,572:INFO:Preloading libraries
2026-09-25 08:43:41,572:INFO:Copying training dataset
2026-09-25 08:43:41,572:INFO:Plot type: pipeline
2026-09-25 08:43:41,687:INFO:Visual Rendered Successfully
2026-09-25 08:43:41,740:INFO:plot_model() successfully completed......................................
2026-09-25 08:43:51,921:INFO:Initializing tune_model()
2026-09-25 08:43:51,921:INFO:tune_model(self=<pycaret.classification.oop.ClassificationExperiment object at 0x000001CB16FA2A50>, estimator=KNeighborsClassifier(algorithm='auto', leaf_size=30, metric='minkowski',
                     metric_params=None, n_jobs=-1, n_neighbors=5, p=2,
                     weights='uniform'), fold=None, round=4, n_iter=10, custom_grid=None, optimize=Accuracy, custom_scorer=None, search_library=scikit-learn, search_algorithm=None, early_stopping=False, early_stopping_max_iters=10, choose_better=True, fit_kwargs=None, groups=None, return_tuner=False, verbose=True, tuner_verbose=True, return_train_score=False, kwargs={})
2026-09-25 08:43:51,921:INFO:Checking exceptions
2026-09-25 08:43:51,938:INFO:Copying training dataset
2026-09-25 08:43:51,944:INFO:Checking base model
2026-09-25 08:43:51,944:INFO:Base model : K Neighbors Classifier
2026-09-25 08:43:51,950:INFO:Declaring metric variables
2026-09-25 08:43:51,953:INFO:Defining Hyperparameters
2026-09-25 08:43:52,038:INFO:Tuning with n_jobs=-1
2026-09-25 08:43:52,038:INFO:Initializing RandomizedSearchCV
2026-09-25 08:43:56,827:INFO:best_params: {'actual_estimator__weights': 'uniform', 'actual_estimator__n_neighbors': 16, 'actual_estimator__metric': 'manhattan'}
2026-09-25 08:43:56,827:INFO:Hyperparameter search completed
2026-09-25 08:43:56,828:INFO:SubProcess create_model() called ==================================
2026-09-25 08:43:56,828:INFO:Initializing create_model()
2026-09-25 08:43:56,828:INFO:create_model(self=<pycaret.classification.oop.ClassificationExperiment object at 0x000001CB16FA2A50>, estimator=KNeighborsClassifier(algorithm='auto', leaf_size=30, metric='minkowski',
                     metric_params=None, n_jobs=-1, n_neighbors=5, p=2,
                     weights='uniform'), fold=StratifiedKFold(n_splits=10, random_state=None, shuffle=False), round=4, cross_validation=True, predict=True, fit_kwargs={}, groups=None, refit=True, probability_threshold=None, experiment_custom_tags=None, verbose=True, system=False, add_to_model_list=True, metrics=None, display=<pycaret.internal.display.display.CommonDisplay object at 0x000001CB181B0B50>, model_only=True, return_train_score=False, error_score=0.0, kwargs={'weights': 'uniform', 'n_neighbors': 16, 'metric': 'manhattan'})
2026-09-25 08:43:56,828:INFO:Checking exceptions
2026-09-25 08:43:56,828:INFO:Importing libraries
2026-09-25 08:43:56,828:INFO:Copying training dataset
2026-09-25 08:43:56,832:INFO:Defining folds
2026-09-25 08:43:56,832:INFO:Declaring metric variables
2026-09-25 08:43:56,835:INFO:Importing untrained model
2026-09-25 08:43:56,835:INFO:Declaring custom model
2026-09-25 08:43:56,837:INFO:K Neighbors Classifier Imported successfully
2026-09-25 08:43:56,840:INFO:Starting cross validation
2026-09-25 08:43:56,841:INFO:Cross validating with StratifiedKFold(n_splits=10, random_state=None, shuffle=False), n_jobs=-1
2026-09-25 08:43:57,373:WARNING:c:\Users\laboratorio\Desktop\TIAS\PyCaret\.venv\Lib\site-packages\sklearn\metrics\_classification.py:1561: UserWarning: Note that pos_label (set to 'Yes') is ignored when average != 'binary' (got 'weighted'). You may use labels=[pos_label] to specify a single positive class.
  warnings.warn(

2026-09-25 08:43:57,377:WARNING:c:\Users\laboratorio\Desktop\TIAS\PyCaret\.venv\Lib\site-packages\sklearn\metrics\_classification.py:1561: UserWarning: Note that pos_label (set to 'Yes') is ignored when average != 'binary' (got 'weighted'). You may use labels=[pos_label] to specify a single positive class.
  warnings.warn(

2026-09-25 08:43:57,377:WARNING:c:\Users\laboratorio\Desktop\TIAS\PyCaret\.venv\Lib\site-packages\sklearn\metrics\_classification.py:1561: UserWarning: Note that pos_label (set to 'Yes') is ignored when average != 'binary' (got 'weighted'). You may use labels=[pos_label] to specify a single positive class.
  warnings.warn(

2026-09-25 08:43:57,377:WARNING:c:\Users\laboratorio\Desktop\TIAS\PyCaret\.venv\Lib\site-packages\sklearn\metrics\_classification.py:1561: UserWarning: Note that pos_label (set to 'Yes') is ignored when average != 'binary' (got 'weighted'). You may use labels=[pos_label] to specify a single positive class.
  warnings.warn(

2026-09-25 08:43:57,378:WARNING:c:\Users\laboratorio\Desktop\TIAS\PyCaret\.venv\Lib\site-packages\sklearn\metrics\_classification.py:1561: UserWarning: Note that pos_label (set to 'Yes') is ignored when average != 'binary' (got 'weighted'). You may use labels=[pos_label] to specify a single positive class.
  warnings.warn(

2026-09-25 08:43:57,381:WARNING:c:\Users\laboratorio\Desktop\TIAS\PyCaret\.venv\Lib\site-packages\sklearn\metrics\_classification.py:1561: UserWarning: Note that pos_label (set to 'Yes') is ignored when average != 'binary' (got 'weighted'). You may use labels=[pos_label] to specify a single positive class.
  warnings.warn(

2026-09-25 08:43:57,381:WARNING:c:\Users\laboratorio\Desktop\TIAS\PyCaret\.venv\Lib\site-packages\sklearn\metrics\_classification.py:1561: UserWarning: Note that pos_label (set to 'Yes') is ignored when average != 'binary' (got 'weighted'). You may use labels=[pos_label] to specify a single positive class.
  warnings.warn(

2026-09-25 08:43:57,381:WARNING:c:\Users\laboratorio\Desktop\TIAS\PyCaret\.venv\Lib\site-packages\sklearn\metrics\_classification.py:1561: UserWarning: Note that pos_label (set to 'Yes') is ignored when average != 'binary' (got 'weighted'). You may use labels=[pos_label] to specify a single positive class.
  warnings.warn(

2026-09-25 08:43:57,382:WARNING:c:\Users\laboratorio\Desktop\TIAS\PyCaret\.venv\Lib\site-packages\sklearn\metrics\_classification.py:1561: UserWarning: Note that pos_label (set to 'Yes') is ignored when average != 'binary' (got 'weighted'). You may use labels=[pos_label] to specify a single positive class.
  warnings.warn(

2026-09-25 08:43:57,384:WARNING:c:\Users\laboratorio\Desktop\TIAS\PyCaret\.venv\Lib\site-packages\sklearn\metrics\_classification.py:1561: UserWarning: Note that pos_label (set to 'Yes') is ignored when average != 'binary' (got 'weighted'). You may use labels=[pos_label] to specify a single positive class.
  warnings.warn(

2026-09-25 08:43:57,384:WARNING:c:\Users\laboratorio\Desktop\TIAS\PyCaret\.venv\Lib\site-packages\sklearn\metrics\_classification.py:1561: UserWarning: Note that pos_label (set to 'Yes') is ignored when average != 'binary' (got 'weighted'). You may use labels=[pos_label] to specify a single positive class.
  warnings.warn(

2026-09-25 08:43:57,385:WARNING:c:\Users\laboratorio\Desktop\TIAS\PyCaret\.venv\Lib\site-packages\sklearn\metrics\_classification.py:1561: UserWarning: Note that pos_label (set to 'Yes') is ignored when average != 'binary' (got 'weighted'). You may use labels=[pos_label] to specify a single positive class.
  warnings.warn(

2026-09-25 08:43:57,385:WARNING:c:\Users\laboratorio\Desktop\TIAS\PyCaret\.venv\Lib\site-packages\sklearn\metrics\_classification.py:1561: UserWarning: Note that pos_label (set to 'Yes') is ignored when average != 'binary' (got 'weighted'). You may use labels=[pos_label] to specify a single positive class.
  warnings.warn(

2026-09-25 08:43:57,387:WARNING:c:\Users\laboratorio\Desktop\TIAS\PyCaret\.venv\Lib\site-packages\sklearn\metrics\_classification.py:1561: UserWarning: Note that pos_label (set to 'Yes') is ignored when average != 'binary' (got 'weighted'). You may use labels=[pos_label] to specify a single positive class.
  warnings.warn(

2026-09-25 08:43:57,388:WARNING:c:\Users\laboratorio\Desktop\TIAS\PyCaret\.venv\Lib\site-packages\sklearn\metrics\_classification.py:1561: UserWarning: Note that pos_label (set to 'Yes') is ignored when average != 'binary' (got 'weighted'). You may use labels=[pos_label] to specify a single positive class.
  warnings.warn(

2026-09-25 08:43:57,391:WARNING:c:\Users\laboratorio\Desktop\TIAS\PyCaret\.venv\Lib\site-packages\sklearn\metrics\_classification.py:1561: UserWarning: Note that pos_label (set to 'Yes') is ignored when average != 'binary' (got 'weighted'). You may use labels=[pos_label] to specify a single positive class.
  warnings.warn(

2026-09-25 08:43:57,391:WARNING:c:\Users\laboratorio\Desktop\TIAS\PyCaret\.venv\Lib\site-packages\sklearn\metrics\_classification.py:1561: UserWarning: Note that pos_label (set to 'Yes') is ignored when average != 'binary' (got 'weighted'). You may use labels=[pos_label] to specify a single positive class.
  warnings.warn(

2026-09-25 08:43:57,396:WARNING:c:\Users\laboratorio\Desktop\TIAS\PyCaret\.venv\Lib\site-packages\sklearn\metrics\_classification.py:1561: UserWarning: Note that pos_label (set to 'Yes') is ignored when average != 'binary' (got 'weighted'). You may use labels=[pos_label] to specify a single positive class.
  warnings.warn(

2026-09-25 08:43:57,398:WARNING:c:\Users\laboratorio\Desktop\TIAS\PyCaret\.venv\Lib\site-packages\sklearn\metrics\_classification.py:1561: UserWarning: Note that pos_label (set to 'Yes') is ignored when average != 'binary' (got 'weighted'). You may use labels=[pos_label] to specify a single positive class.
  warnings.warn(

2026-09-25 08:43:57,400:WARNING:c:\Users\laboratorio\Desktop\TIAS\PyCaret\.venv\Lib\site-packages\sklearn\metrics\_classification.py:1561: UserWarning: Note that pos_label (set to 'Yes') is ignored when average != 'binary' (got 'weighted'). You may use labels=[pos_label] to specify a single positive class.
  warnings.warn(

2026-09-25 08:43:57,401:WARNING:c:\Users\laboratorio\Desktop\TIAS\PyCaret\.venv\Lib\site-packages\sklearn\metrics\_classification.py:1561: UserWarning: Note that pos_label (set to 'Yes') is ignored when average != 'binary' (got 'weighted'). You may use labels=[pos_label] to specify a single positive class.
  warnings.warn(

2026-09-25 08:43:57,401:WARNING:c:\Users\laboratorio\Desktop\TIAS\PyCaret\.venv\Lib\site-packages\sklearn\metrics\_classification.py:1561: UserWarning: Note that pos_label (set to 'Yes') is ignored when average != 'binary' (got 'weighted'). You may use labels=[pos_label] to specify a single positive class.
  warnings.warn(

2026-09-25 08:43:57,404:WARNING:c:\Users\laboratorio\Desktop\TIAS\PyCaret\.venv\Lib\site-packages\sklearn\metrics\_classification.py:1561: UserWarning: Note that pos_label (set to 'Yes') is ignored when average != 'binary' (got 'weighted'). You may use labels=[pos_label] to specify a single positive class.
  warnings.warn(

2026-09-25 08:43:57,404:WARNING:c:\Users\laboratorio\Desktop\TIAS\PyCaret\.venv\Lib\site-packages\sklearn\metrics\_classification.py:1561: UserWarning: Note that pos_label (set to 'Yes') is ignored when average != 'binary' (got 'weighted'). You may use labels=[pos_label] to specify a single positive class.
  warnings.warn(

2026-09-25 08:43:57,405:WARNING:c:\Users\laboratorio\Desktop\TIAS\PyCaret\.venv\Lib\site-packages\sklearn\metrics\_classification.py:1561: UserWarning: Note that pos_label (set to 'Yes') is ignored when average != 'binary' (got 'weighted'). You may use labels=[pos_label] to specify a single positive class.
  warnings.warn(

2026-09-25 08:43:57,407:WARNING:c:\Users\laboratorio\Desktop\TIAS\PyCaret\.venv\Lib\site-packages\sklearn\metrics\_classification.py:1561: UserWarning: Note that pos_label (set to 'Yes') is ignored when average != 'binary' (got 'weighted'). You may use labels=[pos_label] to specify a single positive class.
  warnings.warn(

2026-09-25 08:43:57,407:WARNING:c:\Users\laboratorio\Desktop\TIAS\PyCaret\.venv\Lib\site-packages\sklearn\metrics\_classification.py:1561: UserWarning: Note that pos_label (set to 'Yes') is ignored when average != 'binary' (got 'weighted'). You may use labels=[pos_label] to specify a single positive class.
  warnings.warn(

2026-09-25 08:43:57,411:WARNING:c:\Users\laboratorio\Desktop\TIAS\PyCaret\.venv\Lib\site-packages\sklearn\metrics\_classification.py:1561: UserWarning: Note that pos_label (set to 'Yes') is ignored when average != 'binary' (got 'weighted'). You may use labels=[pos_label] to specify a single positive class.
  warnings.warn(

2026-09-25 08:43:57,415:WARNING:c:\Users\laboratorio\Desktop\TIAS\PyCaret\.venv\Lib\site-packages\sklearn\metrics\_classification.py:1561: UserWarning: Note that pos_label (set to 'Yes') is ignored when average != 'binary' (got 'weighted'). You may use labels=[pos_label] to specify a single positive class.
  warnings.warn(

2026-09-25 08:43:57,417:WARNING:c:\Users\laboratorio\Desktop\TIAS\PyCaret\.venv\Lib\site-packages\sklearn\metrics\_classification.py:1561: UserWarning: Note that pos_label (set to 'Yes') is ignored when average != 'binary' (got 'weighted'). You may use labels=[pos_label] to specify a single positive class.
  warnings.warn(

2026-09-25 08:43:57,432:INFO:Calculating mean and std
2026-09-25 08:43:57,432:INFO:Creating metrics dataframe
2026-09-25 08:43:57,435:INFO:Finalizing model
2026-09-25 08:43:57,580:INFO:Uploading results into container
2026-09-25 08:43:57,581:INFO:Uploading model into container now
2026-09-25 08:43:57,582:INFO:_master_model_container: 15
2026-09-25 08:43:57,582:INFO:_display_container: 4
2026-09-25 08:43:57,582:INFO:KNeighborsClassifier(algorithm='auto', leaf_size=30, metric='manhattan',
                     metric_params=None, n_jobs=-1, n_neighbors=16, p=2,
                     weights='uniform')
2026-09-25 08:43:57,582:INFO:create_model() successfully completed......................................
2026-09-25 08:43:57,645:INFO:SubProcess create_model() end ==================================
2026-09-25 08:43:57,645:INFO:choose_better activated
2026-09-25 08:43:57,647:INFO:SubProcess create_model() called ==================================
2026-09-25 08:43:57,647:INFO:Initializing create_model()
2026-09-25 08:43:57,649:INFO:create_model(self=<pycaret.classification.oop.ClassificationExperiment object at 0x000001CB16FA2A50>, estimator=KNeighborsClassifier(algorithm='auto', leaf_size=30, metric='minkowski',
                     metric_params=None, n_jobs=-1, n_neighbors=5, p=2,
                     weights='uniform'), fold=StratifiedKFold(n_splits=10, random_state=None, shuffle=False), round=4, cross_validation=True, predict=True, fit_kwargs={}, groups=None, refit=True, probability_threshold=None, experiment_custom_tags=None, verbose=False, system=False, add_to_model_list=True, metrics=None, display=None, model_only=True, return_train_score=False, error_score=0.0, kwargs={})
2026-09-25 08:43:57,649:INFO:Checking exceptions
2026-09-25 08:43:57,649:INFO:Importing libraries
2026-09-25 08:43:57,649:INFO:Copying training dataset
2026-09-25 08:43:57,652:INFO:Defining folds
2026-09-25 08:43:57,652:INFO:Declaring metric variables
2026-09-25 08:43:57,652:INFO:Importing untrained model
2026-09-25 08:43:57,652:INFO:Declaring custom model
2026-09-25 08:43:57,654:INFO:K Neighbors Classifier Imported successfully
2026-09-25 08:43:57,654:INFO:Starting cross validation
2026-09-25 08:43:57,655:INFO:Cross validating with StratifiedKFold(n_splits=10, random_state=None, shuffle=False), n_jobs=-1
2026-09-25 08:43:58,121:WARNING:c:\Users\laboratorio\Desktop\TIAS\PyCaret\.venv\Lib\site-packages\sklearn\metrics\_classification.py:1561: UserWarning: Note that pos_label (set to 'Yes') is ignored when average != 'binary' (got 'weighted'). You may use labels=[pos_label] to specify a single positive class.
  warnings.warn(

2026-09-25 08:43:58,125:WARNING:c:\Users\laboratorio\Desktop\TIAS\PyCaret\.venv\Lib\site-packages\sklearn\metrics\_classification.py:1561: UserWarning: Note that pos_label (set to 'Yes') is ignored when average != 'binary' (got 'weighted'). You may use labels=[pos_label] to specify a single positive class.
  warnings.warn(

2026-09-25 08:43:58,127:WARNING:c:\Users\laboratorio\Desktop\TIAS\PyCaret\.venv\Lib\site-packages\sklearn\metrics\_classification.py:1561: UserWarning: Note that pos_label (set to 'Yes') is ignored when average != 'binary' (got 'weighted'). You may use labels=[pos_label] to specify a single positive class.
  warnings.warn(

2026-09-25 08:43:58,127:WARNING:c:\Users\laboratorio\Desktop\TIAS\PyCaret\.venv\Lib\site-packages\sklearn\metrics\_classification.py:1561: UserWarning: Note that pos_label (set to 'Yes') is ignored when average != 'binary' (got 'weighted'). You may use labels=[pos_label] to specify a single positive class.
  warnings.warn(

2026-09-25 08:43:58,129:WARNING:c:\Users\laboratorio\Desktop\TIAS\PyCaret\.venv\Lib\site-packages\sklearn\metrics\_classification.py:1561: UserWarning: Note that pos_label (set to 'Yes') is ignored when average != 'binary' (got 'weighted'). You may use labels=[pos_label] to specify a single positive class.
  warnings.warn(

2026-09-25 08:43:58,129:WARNING:c:\Users\laboratorio\Desktop\TIAS\PyCaret\.venv\Lib\site-packages\sklearn\metrics\_classification.py:1561: UserWarning: Note that pos_label (set to 'Yes') is ignored when average != 'binary' (got 'weighted'). You may use labels=[pos_label] to specify a single positive class.
  warnings.warn(

2026-09-25 08:43:58,129:WARNING:c:\Users\laboratorio\Desktop\TIAS\PyCaret\.venv\Lib\site-packages\sklearn\metrics\_classification.py:1561: UserWarning: Note that pos_label (set to 'Yes') is ignored when average != 'binary' (got 'weighted'). You may use labels=[pos_label] to specify a single positive class.
  warnings.warn(

2026-09-25 08:43:58,132:WARNING:c:\Users\laboratorio\Desktop\TIAS\PyCaret\.venv\Lib\site-packages\sklearn\metrics\_classification.py:1561: UserWarning: Note that pos_label (set to 'Yes') is ignored when average != 'binary' (got 'weighted'). You may use labels=[pos_label] to specify a single positive class.
  warnings.warn(

2026-09-25 08:43:58,133:WARNING:c:\Users\laboratorio\Desktop\TIAS\PyCaret\.venv\Lib\site-packages\sklearn\metrics\_classification.py:1561: UserWarning: Note that pos_label (set to 'Yes') is ignored when average != 'binary' (got 'weighted'). You may use labels=[pos_label] to specify a single positive class.
  warnings.warn(

2026-09-25 08:43:58,133:WARNING:c:\Users\laboratorio\Desktop\TIAS\PyCaret\.venv\Lib\site-packages\sklearn\metrics\_classification.py:1561: UserWarning: Note that pos_label (set to 'Yes') is ignored when average != 'binary' (got 'weighted'). You may use labels=[pos_label] to specify a single positive class.
  warnings.warn(

2026-09-25 08:43:58,133:WARNING:c:\Users\laboratorio\Desktop\TIAS\PyCaret\.venv\Lib\site-packages\sklearn\metrics\_classification.py:1561: UserWarning: Note that pos_label (set to 'Yes') is ignored when average != 'binary' (got 'weighted'). You may use labels=[pos_label] to specify a single positive class.
  warnings.warn(

2026-09-25 08:43:58,135:WARNING:c:\Users\laboratorio\Desktop\TIAS\PyCaret\.venv\Lib\site-packages\sklearn\metrics\_classification.py:1561: UserWarning: Note that pos_label (set to 'Yes') is ignored when average != 'binary' (got 'weighted'). You may use labels=[pos_label] to specify a single positive class.
  warnings.warn(

2026-09-25 08:43:58,136:WARNING:c:\Users\laboratorio\Desktop\TIAS\PyCaret\.venv\Lib\site-packages\sklearn\metrics\_classification.py:1561: UserWarning: Note that pos_label (set to 'Yes') is ignored when average != 'binary' (got 'weighted'). You may use labels=[pos_label] to specify a single positive class.
  warnings.warn(

2026-09-25 08:43:58,137:WARNING:c:\Users\laboratorio\Desktop\TIAS\PyCaret\.venv\Lib\site-packages\sklearn\metrics\_classification.py:1561: UserWarning: Note that pos_label (set to 'Yes') is ignored when average != 'binary' (got 'weighted'). You may use labels=[pos_label] to specify a single positive class.
  warnings.warn(

2026-09-25 08:43:58,140:WARNING:c:\Users\laboratorio\Desktop\TIAS\PyCaret\.venv\Lib\site-packages\sklearn\metrics\_classification.py:1561: UserWarning: Note that pos_label (set to 'Yes') is ignored when average != 'binary' (got 'weighted'). You may use labels=[pos_label] to specify a single positive class.
  warnings.warn(

2026-09-25 08:43:58,142:WARNING:c:\Users\laboratorio\Desktop\TIAS\PyCaret\.venv\Lib\site-packages\sklearn\metrics\_classification.py:1561: UserWarning: Note that pos_label (set to 'Yes') is ignored when average != 'binary' (got 'weighted'). You may use labels=[pos_label] to specify a single positive class.
  warnings.warn(

2026-09-25 08:43:58,142:WARNING:c:\Users\laboratorio\Desktop\TIAS\PyCaret\.venv\Lib\site-packages\sklearn\metrics\_classification.py:1561: UserWarning: Note that pos_label (set to 'Yes') is ignored when average != 'binary' (got 'weighted'). You may use labels=[pos_label] to specify a single positive class.
  warnings.warn(

2026-09-25 08:43:58,143:WARNING:c:\Users\laboratorio\Desktop\TIAS\PyCaret\.venv\Lib\site-packages\sklearn\metrics\_classification.py:1561: UserWarning: Note that pos_label (set to 'Yes') is ignored when average != 'binary' (got 'weighted'). You may use labels=[pos_label] to specify a single positive class.
  warnings.warn(

2026-09-25 08:43:58,143:WARNING:c:\Users\laboratorio\Desktop\TIAS\PyCaret\.venv\Lib\site-packages\sklearn\metrics\_classification.py:1561: UserWarning: Note that pos_label (set to 'Yes') is ignored when average != 'binary' (got 'weighted'). You may use labels=[pos_label] to specify a single positive class.
  warnings.warn(

2026-09-25 08:43:58,145:WARNING:c:\Users\laboratorio\Desktop\TIAS\PyCaret\.venv\Lib\site-packages\sklearn\metrics\_classification.py:1561: UserWarning: Note that pos_label (set to 'Yes') is ignored when average != 'binary' (got 'weighted'). You may use labels=[pos_label] to specify a single positive class.
  warnings.warn(

2026-09-25 08:43:58,147:WARNING:c:\Users\laboratorio\Desktop\TIAS\PyCaret\.venv\Lib\site-packages\sklearn\metrics\_classification.py:1561: UserWarning: Note that pos_label (set to 'Yes') is ignored when average != 'binary' (got 'weighted'). You may use labels=[pos_label] to specify a single positive class.
  warnings.warn(

2026-09-25 08:43:58,147:WARNING:c:\Users\laboratorio\Desktop\TIAS\PyCaret\.venv\Lib\site-packages\sklearn\metrics\_classification.py:1561: UserWarning: Note that pos_label (set to 'Yes') is ignored when average != 'binary' (got 'weighted'). You may use labels=[pos_label] to specify a single positive class.
  warnings.warn(

2026-09-25 08:43:58,147:WARNING:c:\Users\laboratorio\Desktop\TIAS\PyCaret\.venv\Lib\site-packages\sklearn\metrics\_classification.py:1561: UserWarning: Note that pos_label (set to 'Yes') is ignored when average != 'binary' (got 'weighted'). You may use labels=[pos_label] to specify a single positive class.
  warnings.warn(

2026-09-25 08:43:58,149:WARNING:c:\Users\laboratorio\Desktop\TIAS\PyCaret\.venv\Lib\site-packages\sklearn\metrics\_classification.py:1561: UserWarning: Note that pos_label (set to 'Yes') is ignored when average != 'binary' (got 'weighted'). You may use labels=[pos_label] to specify a single positive class.
  warnings.warn(

2026-09-25 08:43:58,150:WARNING:c:\Users\laboratorio\Desktop\TIAS\PyCaret\.venv\Lib\site-packages\sklearn\metrics\_classification.py:1561: UserWarning: Note that pos_label (set to 'Yes') is ignored when average != 'binary' (got 'weighted'). You may use labels=[pos_label] to specify a single positive class.
  warnings.warn(

2026-09-25 08:43:58,150:WARNING:c:\Users\laboratorio\Desktop\TIAS\PyCaret\.venv\Lib\site-packages\sklearn\metrics\_classification.py:1561: UserWarning: Note that pos_label (set to 'Yes') is ignored when average != 'binary' (got 'weighted'). You may use labels=[pos_label] to specify a single positive class.
  warnings.warn(

2026-09-25 08:43:58,150:WARNING:c:\Users\laboratorio\Desktop\TIAS\PyCaret\.venv\Lib\site-packages\sklearn\metrics\_classification.py:1561: UserWarning: Note that pos_label (set to 'Yes') is ignored when average != 'binary' (got 'weighted'). You may use labels=[pos_label] to specify a single positive class.
  warnings.warn(

2026-09-25 08:43:58,152:WARNING:c:\Users\laboratorio\Desktop\TIAS\PyCaret\.venv\Lib\site-packages\sklearn\metrics\_classification.py:1561: UserWarning: Note that pos_label (set to 'Yes') is ignored when average != 'binary' (got 'weighted'). You may use labels=[pos_label] to specify a single positive class.
  warnings.warn(

2026-09-25 08:43:58,153:WARNING:c:\Users\laboratorio\Desktop\TIAS\PyCaret\.venv\Lib\site-packages\sklearn\metrics\_classification.py:1561: UserWarning: Note that pos_label (set to 'Yes') is ignored when average != 'binary' (got 'weighted'). You may use labels=[pos_label] to specify a single positive class.
  warnings.warn(

2026-09-25 08:43:58,158:WARNING:c:\Users\laboratorio\Desktop\TIAS\PyCaret\.venv\Lib\site-packages\sklearn\metrics\_classification.py:1561: UserWarning: Note that pos_label (set to 'Yes') is ignored when average != 'binary' (got 'weighted'). You may use labels=[pos_label] to specify a single positive class.
  warnings.warn(

2026-09-25 08:43:58,164:INFO:Calculating mean and std
2026-09-25 08:43:58,164:INFO:Creating metrics dataframe
2026-09-25 08:43:58,165:INFO:Finalizing model
2026-09-25 08:43:58,302:INFO:Uploading results into container
2026-09-25 08:43:58,302:INFO:Uploading model into container now
2026-09-25 08:43:58,303:INFO:_master_model_container: 16
2026-09-25 08:43:58,303:INFO:_display_container: 5
2026-09-25 08:43:58,303:INFO:KNeighborsClassifier(algorithm='auto', leaf_size=30, metric='minkowski',
                     metric_params=None, n_jobs=-1, n_neighbors=5, p=2,
                     weights='uniform')
2026-09-25 08:43:58,303:INFO:create_model() successfully completed......................................
2026-09-25 08:43:58,356:INFO:SubProcess create_model() end ==================================
2026-09-25 08:43:58,356:INFO:KNeighborsClassifier(algorithm='auto', leaf_size=30, metric='minkowski',
                     metric_params=None, n_jobs=-1, n_neighbors=5, p=2,
                     weights='uniform') result for Accuracy is 0.772
2026-09-25 08:43:58,356:INFO:KNeighborsClassifier(algorithm='auto', leaf_size=30, metric='manhattan',
                     metric_params=None, n_jobs=-1, n_neighbors=16, p=2,
                     weights='uniform') result for Accuracy is 0.7929
2026-09-25 08:43:58,356:INFO:KNeighborsClassifier(algorithm='auto', leaf_size=30, metric='manhattan',
                     metric_params=None, n_jobs=-1, n_neighbors=16, p=2,
                     weights='uniform') is best model
2026-09-25 08:43:58,356:INFO:choose_better completed
2026-09-25 08:43:58,361:INFO:_master_model_container: 16
2026-09-25 08:43:58,362:INFO:_display_container: 4
2026-09-25 08:43:58,362:INFO:KNeighborsClassifier(algorithm='auto', leaf_size=30, metric='manhattan',
                     metric_params=None, n_jobs=-1, n_neighbors=16, p=2,
                     weights='uniform')
2026-09-25 08:43:58,362:INFO:tune_model() successfully completed......................................
2026-09-25 09:08:59,745:INFO:Initializing predict_model()
2026-09-25 09:08:59,745:INFO:predict_model(self=<pycaret.classification.oop.ClassificationExperiment object at 0x000001CB16FA2A50>, estimator=KNeighborsClassifier(algorithm='auto', leaf_size=30, metric='manhattan',
                     metric_params=None, n_jobs=-1, n_neighbors=16, p=2,
                     weights='uniform'), probability_threshold=None, encoded_labels=False, raw_score=False, round=4, verbose=True, ml_usecase=None, preprocess=True, encode_labels=<function _SupervisedExperiment.predict_model.<locals>.encode_labels at 0x000001CB183B5800>)
2026-09-25 09:08:59,745:INFO:Checking exceptions
2026-09-25 09:08:59,745:INFO:Preloading libraries
2026-09-25 09:09:00,028:WARNING:c:\Users\laboratorio\Desktop\TIAS\PyCaret\.venv\Lib\site-packages\joblib\externals\loky\backend\context.py:136: UserWarning: Could not find the number of physical cores for the following reason:
[WinError 2] O sistema não pode encontrar o arquivo especificado
Returning the number of logical cores instead. You can silence this warning by setting LOKY_MAX_CPU_COUNT to the number of cores you want to use.
  warnings.warn(

2026-09-25 09:09:00,197:WARNING:c:\Users\laboratorio\Desktop\TIAS\PyCaret\.venv\Lib\site-packages\sklearn\metrics\_classification.py:1561: UserWarning: Note that pos_label (set to 'Yes') is ignored when average != 'binary' (got 'weighted'). You may use labels=[pos_label] to specify a single positive class.
  warnings.warn(

2026-09-25 09:09:00,209:WARNING:c:\Users\laboratorio\Desktop\TIAS\PyCaret\.venv\Lib\site-packages\sklearn\metrics\_classification.py:1561: UserWarning: Note that pos_label (set to 'Yes') is ignored when average != 'binary' (got 'weighted'). You may use labels=[pos_label] to specify a single positive class.
  warnings.warn(

2026-09-25 09:09:00,220:WARNING:c:\Users\laboratorio\Desktop\TIAS\PyCaret\.venv\Lib\site-packages\sklearn\metrics\_classification.py:1561: UserWarning: Note that pos_label (set to 'Yes') is ignored when average != 'binary' (got 'weighted'). You may use labels=[pos_label] to specify a single positive class.
  warnings.warn(

2026-09-25 09:11:15,065:INFO:Initializing predict_model()
2026-09-25 09:11:15,065:INFO:predict_model(self=<pycaret.classification.oop.ClassificationExperiment object at 0x000001CB16FA2A50>, estimator=KNeighborsClassifier(algorithm='auto', leaf_size=30, metric='manhattan',
                     metric_params=None, n_jobs=-1, n_neighbors=16, p=2,
                     weights='uniform'), probability_threshold=None, encoded_labels=False, raw_score=False, round=4, verbose=True, ml_usecase=None, preprocess=True, encode_labels=<function _SupervisedExperiment.predict_model.<locals>.encode_labels at 0x000001CB18125E40>)
2026-09-25 09:11:15,065:INFO:Checking exceptions
2026-09-25 09:11:15,066:INFO:Preloading libraries
2026-09-25 09:11:15,452:WARNING:c:\Users\laboratorio\Desktop\TIAS\PyCaret\.venv\Lib\site-packages\sklearn\metrics\_classification.py:1561: UserWarning: Note that pos_label (set to 'Yes') is ignored when average != 'binary' (got 'weighted'). You may use labels=[pos_label] to specify a single positive class.
  warnings.warn(

2026-09-25 09:11:15,464:WARNING:c:\Users\laboratorio\Desktop\TIAS\PyCaret\.venv\Lib\site-packages\sklearn\metrics\_classification.py:1561: UserWarning: Note that pos_label (set to 'Yes') is ignored when average != 'binary' (got 'weighted'). You may use labels=[pos_label] to specify a single positive class.
  warnings.warn(

2026-09-25 09:11:15,475:WARNING:c:\Users\laboratorio\Desktop\TIAS\PyCaret\.venv\Lib\site-packages\sklearn\metrics\_classification.py:1561: UserWarning: Note that pos_label (set to 'Yes') is ignored when average != 'binary' (got 'weighted'). You may use labels=[pos_label] to specify a single positive class.
  warnings.warn(

2026-09-25 09:11:17,409:INFO:Initializing predict_model()
2026-09-25 09:11:17,409:INFO:predict_model(self=<pycaret.classification.oop.ClassificationExperiment object at 0x000001CB16FA2A50>, estimator=KNeighborsClassifier(algorithm='auto', leaf_size=30, metric='manhattan',
                     metric_params=None, n_jobs=-1, n_neighbors=16, p=2,
                     weights='uniform'), probability_threshold=None, encoded_labels=False, raw_score=False, round=4, verbose=True, ml_usecase=None, preprocess=True, encode_labels=<function _SupervisedExperiment.predict_model.<locals>.encode_labels at 0x000001CB183336A0>)
2026-09-25 09:11:17,409:INFO:Checking exceptions
2026-09-25 09:11:17,409:INFO:Preloading libraries
2026-09-25 09:11:17,798:WARNING:c:\Users\laboratorio\Desktop\TIAS\PyCaret\.venv\Lib\site-packages\sklearn\metrics\_classification.py:1561: UserWarning: Note that pos_label (set to 'Yes') is ignored when average != 'binary' (got 'weighted'). You may use labels=[pos_label] to specify a single positive class.
  warnings.warn(

2026-09-25 09:11:17,809:WARNING:c:\Users\laboratorio\Desktop\TIAS\PyCaret\.venv\Lib\site-packages\sklearn\metrics\_classification.py:1561: UserWarning: Note that pos_label (set to 'Yes') is ignored when average != 'binary' (got 'weighted'). You may use labels=[pos_label] to specify a single positive class.
  warnings.warn(

2026-09-25 09:11:17,820:WARNING:c:\Users\laboratorio\Desktop\TIAS\PyCaret\.venv\Lib\site-packages\sklearn\metrics\_classification.py:1561: UserWarning: Note that pos_label (set to 'Yes') is ignored when average != 'binary' (got 'weighted'). You may use labels=[pos_label] to specify a single positive class.
  warnings.warn(

2026-09-25 09:11:21,302:INFO:Initializing predict_model()
2026-09-25 09:11:21,302:INFO:predict_model(self=<pycaret.classification.oop.ClassificationExperiment object at 0x000001CB16FA2A50>, estimator=KNeighborsClassifier(algorithm='auto', leaf_size=30, metric='manhattan',
                     metric_params=None, n_jobs=-1, n_neighbors=16, p=2,
                     weights='uniform'), probability_threshold=None, encoded_labels=False, raw_score=False, round=4, verbose=True, ml_usecase=None, preprocess=True, encode_labels=<function _SupervisedExperiment.predict_model.<locals>.encode_labels at 0x000001CB18125E40>)
2026-09-25 09:11:21,302:INFO:Checking exceptions
2026-09-25 09:11:21,302:INFO:Preloading libraries
2026-09-25 09:11:21,651:WARNING:c:\Users\laboratorio\Desktop\TIAS\PyCaret\.venv\Lib\site-packages\sklearn\metrics\_classification.py:1561: UserWarning: Note that pos_label (set to 'Yes') is ignored when average != 'binary' (got 'weighted'). You may use labels=[pos_label] to specify a single positive class.
  warnings.warn(

2026-09-25 09:11:21,661:WARNING:c:\Users\laboratorio\Desktop\TIAS\PyCaret\.venv\Lib\site-packages\sklearn\metrics\_classification.py:1561: UserWarning: Note that pos_label (set to 'Yes') is ignored when average != 'binary' (got 'weighted'). You may use labels=[pos_label] to specify a single positive class.
  warnings.warn(

2026-09-25 09:11:21,671:WARNING:c:\Users\laboratorio\Desktop\TIAS\PyCaret\.venv\Lib\site-packages\sklearn\metrics\_classification.py:1561: UserWarning: Note that pos_label (set to 'Yes') is ignored when average != 'binary' (got 'weighted'). You may use labels=[pos_label] to specify a single positive class.
  warnings.warn(

2026-09-25 09:11:46,908:INFO:Initializing predict_model()
2026-09-25 09:11:46,908:INFO:predict_model(self=<pycaret.classification.oop.ClassificationExperiment object at 0x000001CB16FA2A50>, estimator=KNeighborsClassifier(algorithm='auto', leaf_size=30, metric='manhattan',
                     metric_params=None, n_jobs=-1, n_neighbors=16, p=2,
                     weights='uniform'), probability_threshold=None, encoded_labels=False, raw_score=False, round=4, verbose=True, ml_usecase=None, preprocess=True, encode_labels=<function _SupervisedExperiment.predict_model.<locals>.encode_labels at 0x000001CB18A3FEC0>)
2026-09-25 09:11:46,908:INFO:Checking exceptions
2026-09-25 09:11:46,908:INFO:Preloading libraries
2026-09-25 09:11:46,910:INFO:Set up data.
2026-09-25 09:11:46,915:INFO:Set up index.
2026-09-25 09:12:03,361:INFO:Initializing save_model()
2026-09-25 09:12:03,361:INFO:save_model(model=KNeighborsClassifier(algorithm='auto', leaf_size=30, metric='manhattan',
                     metric_params=None, n_jobs=-1, n_neighbors=16, p=2,
                     weights='uniform'), model_name=../models/churn_model, prep_pipe_=Pipeline(memory=FastMemory(location=C:\Users\LABORA~1\AppData\Local\Temp\joblib),
         steps=[('label_encoding',
                 TransformerWrapperWithInverse(exclude=None, include=None,
                                               transformer=LabelEncoder())),
                ('numerical_imputer',
                 TransformerWrapper(exclude=None,
                                    include=['SeniorCitizen', 'tenure',
                                             'MonthlyCharges'],
                                    transformer=SimpleImputer(add_indicator=False,
                                                              copy=Tru...
                                                              return_df=True,
                                                              use_cat_names=True,
                                                              verbose=0))),
                ('rest_encoding',
                 TransformerWrapper(exclude=None,
                                    include=['customerID', 'TotalCharges'],
                                    transformer=TargetEncoder(cols=['customerID',
                                                                    'TotalCharges'],
                                                              drop_invariant=False,
                                                              handle_missing='return_nan',
                                                              handle_unknown='value',
                                                              hierarchy=None,
                                                              min_samples_leaf=20,
                                                              return_df=True,
                                                              smoothing=10,
                                                              verbose=0)))],
         verbose=False), verbose=True, use_case=MLUsecase.CLASSIFICATION, kwargs={})
2026-09-25 09:12:03,361:INFO:Adding model into prep_pipe
2026-09-25 09:13:08,504:INFO:Initializing save_model()
2026-09-25 09:13:08,504:INFO:save_model(model=KNeighborsClassifier(algorithm='auto', leaf_size=30, metric='manhattan',
                     metric_params=None, n_jobs=-1, n_neighbors=16, p=2,
                     weights='uniform'), model_name=../models/churn_model, prep_pipe_=Pipeline(memory=FastMemory(location=C:\Users\LABORA~1\AppData\Local\Temp\joblib),
         steps=[('label_encoding',
                 TransformerWrapperWithInverse(exclude=None, include=None,
                                               transformer=LabelEncoder())),
                ('numerical_imputer',
                 TransformerWrapper(exclude=None,
                                    include=['SeniorCitizen', 'tenure',
                                             'MonthlyCharges'],
                                    transformer=SimpleImputer(add_indicator=False,
                                                              copy=Tru...
                                                              return_df=True,
                                                              use_cat_names=True,
                                                              verbose=0))),
                ('rest_encoding',
                 TransformerWrapper(exclude=None,
                                    include=['customerID', 'TotalCharges'],
                                    transformer=TargetEncoder(cols=['customerID',
                                                                    'TotalCharges'],
                                                              drop_invariant=False,
                                                              handle_missing='return_nan',
                                                              handle_unknown='value',
                                                              hierarchy=None,
                                                              min_samples_leaf=20,
                                                              return_df=True,
                                                              smoothing=10,
                                                              verbose=0)))],
         verbose=False), verbose=True, use_case=MLUsecase.CLASSIFICATION, kwargs={})
2026-09-25 09:13:08,504:INFO:Adding model into prep_pipe
2026-09-25 09:13:08,520:INFO:../models/churn_model.pkl saved in current working directory
2026-09-25 09:13:08,540:INFO:Pipeline(memory=Memory(location=None),
         steps=[('label_encoding',
                 TransformerWrapperWithInverse(exclude=None, include=None,
                                               transformer=LabelEncoder())),
                ('numerical_imputer',
                 TransformerWrapper(exclude=None,
                                    include=['SeniorCitizen', 'tenure',
                                             'MonthlyCharges'],
                                    transformer=SimpleImputer(add_indicator=False,
                                                              copy=True,
                                                              fill_value=None,
                                                              keep_empty_features=False...
                                    transformer=TargetEncoder(cols=['customerID',
                                                                    'TotalCharges'],
                                                              drop_invariant=False,
                                                              handle_missing='return_nan',
                                                              handle_unknown='value',
                                                              hierarchy=None,
                                                              min_samples_leaf=20,
                                                              return_df=True,
                                                              smoothing=10,
                                                              verbose=0))),
                ('trained_model',
                 KNeighborsClassifier(algorithm='auto', leaf_size=30,
                                      metric='manhattan', metric_params=None,
                                      n_jobs=-1, n_neighbors=16, p=2,
                                      weights='uniform'))],
         verbose=False)
2026-09-25 09:13:08,540:INFO:save_model() successfully completed......................................
2026-09-25 09:13:29,709:INFO:Initializing load_model()
2026-09-25 09:13:29,709:INFO:load_model(model_name=../models/churn_model, platform=None, authentication=None, verbose=True)
2026-09-25 09:13:32,460:INFO:Initializing predict_model()
2026-09-25 09:13:32,460:INFO:predict_model(self=<pycaret.classification.oop.ClassificationExperiment object at 0x000001CB16FA2A50>, estimator=Pipeline(memory=FastMemory(location=C:\Users\LABORA~1\AppData\Local\Temp\joblib),
         steps=[('label_encoding',
                 TransformerWrapperWithInverse(exclude=None, include=None,
                                               transformer=LabelEncoder())),
                ('numerical_imputer',
                 TransformerWrapper(exclude=None,
                                    include=['SeniorCitizen', 'tenure',
                                             'MonthlyCharges'],
                                    transformer=SimpleImputer(add_indicator=False,
                                                              copy=Tru...
                                    transformer=TargetEncoder(cols=['customerID',
                                                                    'TotalCharges'],
                                                              drop_invariant=False,
                                                              handle_missing='return_nan',
                                                              handle_unknown='value',
                                                              hierarchy=None,
                                                              min_samples_leaf=20,
                                                              return_df=True,
                                                              smoothing=10,
                                                              verbose=0))),
                ('trained_model',
                 KNeighborsClassifier(algorithm='auto', leaf_size=30,
                                      metric='manhattan', metric_params=None,
                                      n_jobs=-1, n_neighbors=16, p=2,
                                      weights='uniform'))],
         verbose=False), probability_threshold=None, encoded_labels=False, raw_score=False, round=4, verbose=True, ml_usecase=None, preprocess=True, encode_labels=<function _SupervisedExperiment.predict_model.<locals>.encode_labels at 0x000001CB19927B00>)
2026-09-25 09:13:32,460:INFO:Checking exceptions
2026-09-25 09:13:32,460:INFO:Preloading libraries
2026-09-25 09:13:32,462:INFO:Set up data.
2026-09-25 09:13:32,466:INFO:Set up index.
2026-09-25 09:15:10,797:INFO:Initializing save_model()
2026-09-25 09:15:10,797:INFO:save_model(model=KNeighborsClassifier(algorithm='auto', leaf_size=30, metric='manhattan',
                     metric_params=None, n_jobs=-1, n_neighbors=16, p=2,
                     weights='uniform'), model_name=../models/churn_model, prep_pipe_=Pipeline(memory=FastMemory(location=C:\Users\LABORA~1\AppData\Local\Temp\joblib),
         steps=[('label_encoding',
                 TransformerWrapperWithInverse(exclude=None, include=None,
                                               transformer=LabelEncoder())),
                ('numerical_imputer',
                 TransformerWrapper(exclude=None,
                                    include=['SeniorCitizen', 'tenure',
                                             'MonthlyCharges'],
                                    transformer=SimpleImputer(add_indicator=False,
                                                              copy=Tru...
                                                              return_df=True,
                                                              use_cat_names=True,
                                                              verbose=0))),
                ('rest_encoding',
                 TransformerWrapper(exclude=None,
                                    include=['customerID', 'TotalCharges'],
                                    transformer=TargetEncoder(cols=['customerID',
                                                                    'TotalCharges'],
                                                              drop_invariant=False,
                                                              handle_missing='return_nan',
                                                              handle_unknown='value',
                                                              hierarchy=None,
                                                              min_samples_leaf=20,
                                                              return_df=True,
                                                              smoothing=10,
                                                              verbose=0)))],
         verbose=False), verbose=True, use_case=MLUsecase.CLASSIFICATION, kwargs={})
2026-09-25 09:15:10,799:INFO:Adding model into prep_pipe
2026-09-25 09:15:10,814:INFO:../models/churn_model.pkl saved in current working directory
2026-09-25 09:15:10,837:INFO:Pipeline(memory=Memory(location=None),
         steps=[('label_encoding',
                 TransformerWrapperWithInverse(exclude=None, include=None,
                                               transformer=LabelEncoder())),
                ('numerical_imputer',
                 TransformerWrapper(exclude=None,
                                    include=['SeniorCitizen', 'tenure',
                                             'MonthlyCharges'],
                                    transformer=SimpleImputer(add_indicator=False,
                                                              copy=True,
                                                              fill_value=None,
                                                              keep_empty_features=False...
                                    transformer=TargetEncoder(cols=['customerID',
                                                                    'TotalCharges'],
                                                              drop_invariant=False,
                                                              handle_missing='return_nan',
                                                              handle_unknown='value',
                                                              hierarchy=None,
                                                              min_samples_leaf=20,
                                                              return_df=True,
                                                              smoothing=10,
                                                              verbose=0))),
                ('trained_model',
                 KNeighborsClassifier(algorithm='auto', leaf_size=30,
                                      metric='manhattan', metric_params=None,
                                      n_jobs=-1, n_neighbors=16, p=2,
                                      weights='uniform'))],
         verbose=False)
2026-09-25 09:15:10,837:INFO:save_model() successfully completed......................................
2026-09-25 09:15:23,050:INFO:Initializing load_model()
2026-09-25 09:15:23,050:INFO:load_model(model_name=../models/churn_model, platform=None, authentication=None, verbose=True)
